time,direction,confidence,pattern,samples,reason,test_accuracy,test_samples,bucket_minutes,asset
12:15-12:20,BUY,74.3,Momentum,35,26/35 bullish,100.0,12,5,EURUSD_otc
14:35-14:40,SELL,71.4,Momentum,35,25/35 bearish,100.0,10,5,USDARS_otc
00:00-00:05,SELL,66.7,Heavy,33,22/33 bearish,100.0,6,5,USDEGP_otc
07:40-07:45,SELL,75.8,Momentum,33,25/33 bearish,100.0,14,5,USDPKR_otc
12:25-12:30,BUY,84.8,Momentum,33,28/33 bullish,100.0,6,5,USDZAR_otc
23:20-23:25,SELL,71.0,Heavy,31,22/31 bearish,100.0,5,5,USDPKR_otc
19:00-19:05,SELL,80.0,Momentum,30,24/30 bearish,100.0,10,5,USDBDT_otc
23:05-23:10,SELL,65.5,Momentum,29,19/29 bearish,100.0,5,5,USDDZD_otc
21:45-22:00,SELL,67.9,LiquiditySweep,28,19/28 bearish,100.0,6,15,USDNGN_otc
16:30-16:35,SELL,74.1,Heavy,27,20/27 bearish,100.0,6,5,USDEGP_otc
08:00-08:15,BUY,66.7,LiquiditySweep,27,18/27 bullish,100.0,9,15,USDEGP_otc
21:25-21:30,SELL,84.6,Momentum,26,22/26 bearish,100.0,14,5,BRLUSD_otc
07:10-07:15,SELL,69.2,Momentum,26,18/26 bearish,100.0,10,5,EURGBP_otc
09:05-09:10,BUY,73.1,Momentum,26,19/26 bullish,100.0,6,5,USDZAR_otc
17:05-17:10,SELL,68.0,Momentum,25,17/25 bearish,100.0,8,5,EURGBP_otc
23:00-23:05,SELL,68.0,Momentum,25,17/25 bearish,100.0,9,5,USDDZD_otc
22:00-22:05,SELL,66.7,Momentum,24,16/24 bearish,100.0,8,5,USDEGP_otc
17:15-17:30,BUY,66.7,LiquiditySweep,24,16/24 bullish,100.0,6,15,USDEGP_otc
10:00-11:00,BUY,65.2,RSIExtreme,23,15/23 bullish,100.0,8,60,EURCAD_otc
19:30-19:35,SELL,69.6,Heavy,23,16/23 bearish,100.0,8,5,EURGBP_otc
02:35-02:40,SELL,65.2,Heavy,23,15/23 bearish,100.0,5,5,USDEGP_otc
16:55-17:00,BUY,65.2,Momentum,23,15/23 bullish,100.0,7,5,USDEGP_otc
19:45-20:00,BUY,69.6,LiquiditySweep,23,16/23 bullish,100.0,6,15,USDINR_otc
13:35-13:40,SELL,77.3,Momentum,22,17/22 bearish,100.0,5,5,BRLUSD_otc
01:15-01:20,BUY,68.2,Momentum,22,15/22 bullish,100.0,11,5,USDCOP_otc
22:30-23:00,BUY,90.9,ColorBurst,22,20/22 bullish,100.0,8,30,USDZAR_otc
23:00-23:15,BUY,66.7,LiquiditySweep,21,14/21 bullish,100.0,13,15,USDDZD_otc
06:00-06:15,BUY,71.4,LiquiditySweep,21,15/21 bullish,100.0,5,15,USDIDR_otc
13:10-13:15,BUY,66.7,Engulfing,21,14/21 bullish,100.0,6,5,USDINR_otc
15:00-15:30,SELL,66.7,ColorBurst,21,14/21 bearish,100.0,5,30,USDZAR_otc
08:30-08:45,BUY,75.0,InsideBarBreakout,20,15/20 bullish,100.0,8,15,EURGBP_otc
10:15-10:30,BUY,80.0,LiquiditySweep,20,16/20 bullish,100.0,6,15,USDBDT_otc
14:00-14:05,SELL,65.0,Momentum,20,13/20 bearish,100.0,6,5,USDMXN_otc
21:30-21:45,BUY,68.4,LiquiditySweep,19,13/19 bullish,100.0,6,15,EURUSD_otc
18:30-19:00,BUY,68.4,ColorBurst,19,13/19 bullish,100.0,6,30,USDDZD_otc
11:00-12:00,BUY,94.7,RSIExtreme,19,18/19 bullish,100.0,7,60,USDEGP_otc
22:25-22:30,BUY,78.9,Momentum,19,15/19 bullish,100.0,10,5,USDIDR_otc
02:00-02:15,SELL,66.7,LiquiditySweep,18,12/18 bearish,100.0,7,15,BRLUSD_otc
20:30-21:00,BUY,77.8,ColorBurst,18,14/18 bullish,100.0,5,30,BRLUSD_otc
12:45-13:00,SELL,66.7,LiquiditySweep,18,12/18 bearish,100.0,7,15,USDDZD_otc
10:15-10:20,SELL,66.7,Heavy,18,12/18 bearish,100.0,7,5,USDEGP_otc
07:10-07:15,BUY,66.7,Engulfing,18,12/18 bullish,100.0,5,5,USDEGP_otc
15:00-15:30,SELL,94.1,ColorBurst,17,16/17 bearish,100.0,7,30,USDINR_otc
12:30-12:45,SELL,76.5,LiquiditySweep,17,13/17 bearish,100.0,5,15,USDMXN_otc
16:15-16:30,BUY,76.5,LiquiditySweep,17,13/17 bullish,100.0,6,15,USDMXN_otc
20:30-21:00,SELL,93.8,ColorBurst,16,15/16 bearish,100.0,7,30,EURUSD_otc
11:00-12:00,SELL,73.3,RSIExtreme,15,11/15 bearish,100.0,7,60,USDBDT_otc
07:30-07:45,SELL,66.7,ColorBurst,15,10/15 bearish,100.0,6,15,USDIDR_otc
16:00-16:15,SELL,66.7,InsideBarBreakout,15,10/15 bearish,100.0,5,15,USDNGN_otc
07:10-07:15,BUY,80.0,Momentum,25,20/25 bullish,94.4,18,5,USDZAR_otc
21:00-22:00,SELL,95.2,RSIExtreme,21,20/21 bearish,94.1,17,60,USDZAR_otc
09:05-09:10,BUY,80.0,Momentum,30,24/30 bullish,93.3,15,5,USDBDT_otc
12:30-12:45,SELL,66.7,LiquiditySweep,18,12/18 bearish,93.3,15,15,USDEGP_otc
18:10-18:15,SELL,67.7,Momentum,31,21/31 bearish,92.9,14,5,EURGBP_otc
20:40-20:45,BUY,87.1,Momentum,31,27/31 bullish,92.9,14,5,USDARS_otc
07:00-07:05,SELL,66.7,Momentum,27,18/27 bearish,92.9,14,5,USDPHP_otc
07:15-07:30,SELL,66.7,LiquiditySweep,18,12/18 bearish,92.9,14,15,USDDZD_otc
22:00-23:00,BUY,78.0,ColorBurst,41,32/41 bullish,92.3,13,60,USDZAR_otc
11:00-11:05,SELL,70.0,Momentum,30,21/30 bearish,92.3,13,5,BRLUSD_otc
21:00-21:30,SELL,100.0,RSIExtreme,16,16/16 bearish,92.3,13,30,USDZAR_otc
19:00-19:05,BUY,68.8,Momentum,32,22/32 bullish,91.7,12,5,EURCAD_otc
13:15-13:30,BUY,66.7,LiquiditySweep,27,18/27 bullish,91.7,12,15,USDDZD_otc
11:30-11:45,BUY,82.6,LiquiditySweep,23,19/23 bullish,91.7,12,15,EURUSD_otc
06:30-07:00,BUY,66.7,ColorBurst,18,12/18 bullish,91.7,12,30,USDIDR_otc
00:05-00:10,SELL,70.6,Momentum,34,24/34 bearish,90.9,11,5,USDPKR_otc
06:00-07:00,SELL,100.0,RSIExtreme,27,27/27 bearish,90.9,11,60,USDCOP_otc
09:55-10:00,SELL,66.7,Reversal,27,18/27 bearish,90.9,11,5,USDPHP_otc
20:00-20:15,SELL,69.2,LiquiditySweep,26,18/26 bearish,90.9,11,15,USDMXN_otc
06:40-06:45,SELL,75.0,Momentum,24,18/24 bearish,90.9,11,5,USDMXN_otc
01:20-01:25,BUY,65.2,Momentum,23,15/23 bullish,90.9,11,5,USDPKR_otc
01:20-01:25,BUY,68.2,Heavy,22,15/22 bullish,90.9,11,5,EURGBP_otc
01:20-01:25,SELL,71.4,Heavy,21,15/21 bearish,90.9,11,5,USDCOP_otc
09:50-09:55,SELL,80.0,Momentum,20,16/20 bearish,90.9,11,5,EURGBP_otc
18:20-18:25,SELL,75.0,Momentum,20,15/20 bearish,90.9,11,5,USDCOP_otc
09:25-09:30,BUY,70.0,Momentum,20,14/20 bullish,90.9,11,5,USDNGN_otc
02:30-02:35,SELL,70.6,Momentum,17,12/17 bearish,90.9,11,5,USDEGP_otc
16:30-17:00,BUY,68.8,ColorBurst,16,11/16 bullish,90.9,11,30,USDMXN_otc
04:20-04:25,BUY,79.3,Momentum,29,23/29 bullish,90.0,10,5,USDBDT_otc
20:55-21:00,BUY,72.0,Momentum,25,18/25 bullish,90.0,10,5,BRLUSD_otc
05:15-05:20,SELL,66.7,Momentum,24,16/24 bearish,90.0,10,5,USDARS_otc
07:15-07:20,BUY,70.8,Momentum,24,17/24 bullish,90.0,20,5,USDEGP_otc
08:15-08:30,SELL,65.2,LiquiditySweep,23,15/23 bearish,90.0,10,15,EURCAD_otc
09:35-09:40,SELL,66.7,Momentum,21,14/21 bearish,90.0,10,5,USDPHP_otc
00:00-00:15,BUY,77.8,LiquiditySweep,18,14/18 bullish,90.0,10,15,USDEGP_otc
02:40-02:45,BUY,69.4,Momentum,36,25/36 bullish,88.9,9,5,USDPHP_otc
23:35-23:40,SELL,67.7,Momentum,31,21/31 bearish,88.9,9,5,EURCAD_otc
04:25-04:30,BUY,82.8,Momentum,29,24/29 bullish,88.9,9,5,USDPHP_otc
02:40-02:45,BUY,75.0,Momentum,28,21/28 bullish,88.9,9,5,EURNZD_otc
04:25-04:30,BUY,78.6,Momentum,28,22/28 bullish,88.9,9,5,USDDZD_otc
15:20-15:25,SELL,74.1,Momentum,27,20/27 bearish,88.9,18,5,USDEGP_otc
23:05-23:10,BUY,65.4,Engulfing,26,17/26 bullish,88.9,9,5,EURNZD_otc
17:30-17:35,SELL,69.2,Momentum,26,18/26 bearish,88.9,9,5,EURUSD_otc
12:25-12:30,BUY,73.1,Momentum,26,19/26 bullish,88.9,9,5,USDPHP_otc
17:50-17:55,SELL,68.0,Momentum,25,17/25 bearish,88.9,9,5,USDNGN_otc
08:50-08:55,SELL,79.2,Momentum,24,19/24 bearish,88.9,9,5,EURUSD_otc
12:50-12:55,BUY,79.2,Momentum,24,19/24 bullish,88.9,9,5,USDINR_otc
19:10-19:15,BUY,66.7,Engulfing,24,16/24 bullish,88.9,9,5,USDINR_otc
23:00-23:05,BUY,68.2,Heavy,22,15/22 bullish,88.9,9,5,USDPHP_otc
02:20-02:25,SELL,66.7,Momentum,21,14/21 bearish,88.9,9,5,EURCAD_otc
19:00-19:15,BUY,81.0,LiquiditySweep,21,17/21 bullish,88.9,9,15,USDBDT_otc
22:45-22:50,SELL,71.4,Reversal,21,15/21 bearish,88.9,9,5,USDCOP_otc
09:25-09:30,BUY,65.0,Momentum,20,13/20 bullish,88.9,9,5,EURGBP_otc
01:20-01:25,SELL,80.0,Momentum,20,16/20 bearish,88.9,9,5,USDDZD_otc
06:50-06:55,BUY,70.0,Momentum,20,14/20 bullish,88.9,9,5,USDIDR_otc
11:35-11:40,SELL,66.7,Momentum,18,12/18 bearish,88.9,9,5,EURNZD_otc
23:00-23:30,SELL,72.2,ColorBurst,18,13/18 bearish,88.9,9,30,USDDZD_otc
14:00-15:00,BUY,94.4,RSIExtreme,18,17/18 bullish,88.9,9,60,USDNGN_otc
22:15-22:30,SELL,70.6,LiquiditySweep,17,12/17 bearish,88.9,9,15,USDINR_otc
05:00-05:30,BUY,66.7,WickRejection,15,10/15 bullish,88.9,9,30,EURUSD_otc
08:00-08:15,BUY,66.7,InsideBarBreakout,15,10/15 bullish,88.9,9,15,USDINR_otc
23:15-23:30,SELL,73.3,LiquiditySweep,15,11/15 bearish,88.9,9,15,USDPHP_otc
23:00-23:30,SELL,66.7,LiquiditySweep,36,24/36 bearish,87.5,16,30,USDPHP_otc
22:20-22:25,SELL,71.0,Momentum,31,22/31 bearish,87.5,16,5,USDMXN_otc
17:30-17:35,SELL,65.5,Momentum,29,19/29 bearish,87.5,8,5,EURCAD_otc
08:45-09:00,SELL,66.7,LiquiditySweep,27,18/27 bearish,87.5,8,15,EURGBP_otc
12:35-12:40,SELL,77.8,Momentum,27,21/27 bearish,87.5,8,5,USDIDR_otc
20:40-20:45,SELL,69.2,Momentum,26,18/26 bearish,87.5,8,5,EURCAD_otc
00:00-01:00,SELL,80.8,RSIExtreme,26,21/26 bearish,87.5,8,60,USDIDR_otc
10:30-11:00,SELL,73.1,ColorBurst,26,19/26 bearish,87.5,16,30,USDNGN_otc
03:45-03:50,BUY,68.0,Reversal,25,17/25 bullish,87.5,8,5,EURGBP_otc
03:20-03:25,SELL,75.0,Momentum,24,18/24 bearish,87.5,8,5,USDNGN_otc
04:15-04:30,BUY,66.7,InsideBarBreakout,24,16/24 bullish,87.5,8,15,USDZAR_otc
04:30-04:35,SELL,65.2,Momentum,23,15/23 bearish,87.5,8,5,EURGBP_otc
07:55-08:00,BUY,69.6,Momentum,23,16/23 bullish,87.5,8,5,USDDZD_otc
19:45-20:00,BUY,65.2,LiquiditySweep,23,15/23 bullish,87.5,8,15,USDDZD_otc
22:10-22:15,BUY,69.6,Heavy,23,16/23 bullish,87.5,8,5,USDIDR_otc
05:15-05:20,SELL,72.7,Heavy,22,16/22 bearish,87.5,8,5,USDINR_otc
00:20-00:25,BUY,90.5,Momentum,21,19/21 bullish,87.5,16,5,USDDZD_otc
03:05-03:10,BUY,66.7,Momentum,21,14/21 bullish,87.5,8,5,USDPKR_otc
16:10-16:15,SELL,65.0,Momentum,20,13/20 bearish,87.5,8,5,BRLUSD_otc
19:20-19:25,BUY,65.0,Heavy,20,13/20 bullish,87.5,8,5,EURUSD_otc
01:00-01:05,SELL,80.0,Momentum,20,16/20 bearish,87.5,16,5,USDINR_otc
10:15-10:20,SELL,70.0,Momentum,20,14/20 bearish,87.5,8,5,USDMXN_otc
11:35-11:40,BUY,78.9,Momentum,19,15/19 bullish,87.5,16,5,EURCAD_otc
15:45-15:50,BUY,78.9,Momentum,19,15/19 bullish,87.5,8,5,USDDZD_otc
21:50-21:55,SELL,68.4,Momentum,19,13/19 bearish,87.5,8,5,USDNGN_otc
20:15-20:30,SELL,73.7,LiquiditySweep,19,14/19 bearish,87.5,8,15,USDZAR_otc
02:30-02:45,SELL,66.7,LiquiditySweep,18,12/18 bearish,87.5,8,15,EURNZD_otc
00:10-00:15,SELL,66.7,Heavy,18,12/18 bearish,87.5,8,5,USDINR_otc
07:30-08:00,BUY,66.7,WickRejection,18,12/18 bullish,87.5,8,30,USDZAR_otc
22:30-23:00,SELL,77.8,WickRejection,18,14/18 bearish,87.5,8,30,USDZAR_otc
05:45-05:50,SELL,76.5,Engulfing,17,13/17 bearish,87.5,8,5,EURNZD_otc
02:30-02:35,BUY,70.6,Momentum,17,12/17 bullish,87.5,8,5,EURUSD_otc
03:30-04:00,BUY,68.8,ColorBurst,16,11/16 bullish,87.5,8,30,USDIDR_otc
13:00-13:15,SELL,75.0,LiquiditySweep,16,12/16 bearish,87.5,8,15,USDINR_otc
16:45-17:00,SELL,66.7,LiquiditySweep,15,10/15 bearish,87.5,8,15,EURGBP_otc
09:00-09:15,BUY,66.7,ColorBurst,15,10/15 bullish,87.5,8,15,EURUSD_otc
04:25-04:30,BUY,65.5,Momentum,29,19/29 bullish,86.7,15,5,USDIDR_otc
11:35-11:40,SELL,77.4,Momentum,31,24/31 bearish,85.7,7,5,BRLUSD_otc
17:50-17:55,BUY,66.7,Momentum,30,20/30 bullish,85.7,7,5,EURNZD_otc
14:15-14:20,SELL,65.5,Momentum,29,19/29 bearish,85.7,7,5,USDMXN_otc
22:55-23:00,SELL,70.4,Momentum,27,19/27 bearish,85.7,7,5,USDIDR_otc
00:25-00:30,SELL,66.7,Momentum,27,18/27 bearish,85.7,14,5,USDMXN_otc
07:00-07:05,BUY,88.0,Momentum,25,22/25 bullish,85.7,14,5,EURUSD_otc
15:40-15:45,BUY,72.0,Momentum,25,18/25 bullish,85.7,7,5,USDCOP_otc
18:50-18:55,BUY,66.7,Heavy,24,16/24 bullish,85.7,7,5,USDARS_otc
12:55-13:00,BUY,66.7,Heavy,24,16/24 bullish,85.7,7,5,USDPHP_otc
13:00-13:30,SELL,65.2,ColorBurst,23,15/23 bearish,85.7,7,30,USDINR_otc
22:00-22:05,BUY,66.7,Momentum,21,14/21 bullish,85.7,7,5,USDCOP_otc
12:10-12:15,BUY,66.7,Momentum,21,14/21 bullish,85.7,7,5,USDPKR_otc
00:05-00:10,SELL,70.0,Momentum,20,14/20 bearish,85.7,7,5,USDINR_otc
11:15-11:20,BUY,65.0,Engulfing,20,13/20 bullish,85.7,7,5,USDMXN_otc
02:00-02:15,SELL,73.7,LiquiditySweep,19,14/19 bearish,85.7,7,15,USDDZD_otc
08:30-08:35,SELL,68.4,Momentum,19,13/19 bearish,85.7,7,5,USDEGP_otc
16:50-16:55,SELL,68.4,Heavy,19,13/19 bearish,85.7,7,5,USDMXN_otc
00:15-00:30,BUY,66.7,InsideBarBreakout,18,12/18 bullish,85.7,7,15,BRLUSD_otc
10:00-10:15,SELL,82.4,LiquiditySweep,17,14/17 bearish,85.7,7,15,BRLUSD_otc
20:15-20:20,SELL,66.7,Engulfing,15,10/15 bearish,85.7,7,5,USDPKR_otc
17:15-17:20,SELL,75.8,Momentum,33,25/33 bearish,84.6,13,5,USDEGP_otc
08:30-09:00,BUY,68.8,InsideBarBreakout,32,22/32 bullish,84.6,13,30,EURGBP_otc
22:40-22:45,BUY,71.4,Momentum,28,20/28 bullish,84.6,13,5,USDZAR_otc
10:50-10:55,BUY,70.8,Momentum,24,17/24 bullish,84.6,13,5,USDZAR_otc
18:15-18:20,BUY,66.7,Heavy,21,14/21 bullish,84.6,13,5,EURGBP_otc
11:00-11:05,SELL,66.7,Momentum,21,14/21 bearish,84.6,13,5,USDEGP_otc
06:45-07:00,BUY,71.4,LiquiditySweep,21,15/21 bullish,84.6,13,15,USDPHP_otc
18:45-19:00,BUY,65.0,LiquiditySweep,20,13/20 bullish,84.6,13,15,EURGBP_otc
17:00-17:15,SELL,65.3,Momentum,72,47/72 bearish,84.4,32,15,EURGBP_otc
00:00-00:30,BUY,72.5,LiquiditySweep,40,29/40 bullish,84.2,19,30,USDEGP_otc
13:00-14:00,BUY,73.5,ColorBurst,34,25/34 bullish,83.3,18,60,EURNZD_otc
16:30-17:00,BUY,66.7,ColorBurst,30,20/30 bullish,83.3,6,30,USDPKR_otc
05:05-05:10,SELL,65.4,Momentum,26,17/26 bearish,83.3,12,5,BRLUSD_otc
17:05-17:10,SELL,65.4,Heavy,26,17/26 bearish,83.3,6,5,EURGBP_otc
04:20-04:25,BUY,65.4,Momentum,26,17/26 bullish,83.3,6,5,USDPKR_otc
20:55-21:00,SELL,68.0,Momentum,25,17/25 bearish,83.3,6,5,USDNGN_otc
11:10-11:15,SELL,79.2,Momentum,24,19/24 bearish,83.3,6,5,EURNZD_otc
11:15-11:20,SELL,65.2,Momentum,23,15/23 bearish,83.3,12,5,EURCAD_otc
17:00-17:05,SELL,65.2,Momentum,23,15/23 bearish,83.3,12,5,EURGBP_otc
11:45-11:50,SELL,73.9,Engulfing,23,17/23 bearish,83.3,6,5,USDCOP_otc
01:00-01:30,BUY,68.2,ColorBurst,22,15/22 bullish,83.3,6,30,EURGBP_otc
08:15-08:20,BUY,68.2,Momentum,22,15/22 bullish,83.3,12,5,USDBDT_otc
12:00-12:15,BUY,68.2,LiquiditySweep,22,15/22 bullish,83.3,12,15,USDIDR_otc
08:15-08:20,BUY,68.2,Momentum,22,15/22 bullish,83.3,6,5,USDPHP_otc
22:10-22:15,BUY,81.0,Momentum,21,17/21 bullish,83.3,12,5,USDINR_otc
02:15-02:20,BUY,81.0,Momentum,21,17/21 bullish,83.3,6,5,USDMXN_otc
17:00-18:00,SELL,85.7,ColorBurst,21,18/21 bearish,83.3,12,60,USDPKR_otc
18:10-18:15,SELL,80.0,Heavy,20,16/20 bearish,83.3,6,5,EURGBP_otc
11:00-11:30,BUY,75.0,ColorBurst,20,15/20 bullish,83.3,6,30,USDARS_otc
16:45-16:50,BUY,70.0,Heavy,20,14/20 bullish,83.3,6,5,USDINR_otc
15:15-15:30,BUY,75.0,LiquiditySweep,20,15/20 bullish,83.3,12,15,USDINR_otc
23:45-00:00,SELL,70.0,LiquiditySweep,20,14/20 bearish,83.3,12,15,USDMXN_otc
02:30-02:35,BUY,80.0,Momentum,20,16/20 bullish,83.3,12,5,USDNGN_otc
02:40-02:45,SELL,73.7,Heavy,19,14/19 bearish,83.3,6,5,USDIDR_otc
00:35-00:40,SELL,68.4,Momentum,19,13/19 bearish,83.3,6,5,USDNGN_otc
20:25-20:30,BUY,68.4,Engulfing,19,13/19 bullish,83.3,6,5,USDPHP_otc
20:45-20:50,BUY,84.2,Momentum,19,16/19 bullish,83.3,12,5,USDZAR_otc
05:25-05:30,SELL,68.4,Engulfing,19,13/19 bearish,83.3,6,5,USDZAR_otc
08:00-08:30,SELL,72.2,WickRejection,18,13/18 bearish,83.3,6,30,EURCAD_otc
03:30-03:35,BUY,72.2,Momentum,18,13/18 bullish,83.3,12,5,USDBDT_otc
14:40-14:45,BUY,66.7,Momentum,18,12/18 bullish,83.3,12,5,USDEGP_otc
06:45-07:00,BUY,88.9,LiquiditySweep,18,16/18 bullish,83.3,6,15,USDMXN_otc
13:10-13:15,SELL,72.2,Engulfing,18,13/18 bearish,83.3,6,5,USDPHP_otc
11:45-12:00,SELL,88.9,LiquiditySweep,18,16/18 bearish,83.3,12,15,USDPKR_otc
07:35-07:40,SELL,68.8,Momentum,16,11/16 bearish,83.3,6,5,BRLUSD_otc
02:15-02:30,SELL,68.8,LiquiditySweep,16,11/16 bearish,83.3,6,15,USDARS_otc
04:50-04:55,BUY,68.8,Heavy,16,11/16 bullish,83.3,12,5,USDNGN_otc
07:00-07:15,BUY,80.0,InsideBarBreakout,15,12/15 bullish,83.3,6,15,USDEGP_otc
09:35-09:40,BUY,65.7,Momentum,35,23/35 bullish,82.4,17,5,EURUSD_otc
04:00-04:05,SELL,67.9,Momentum,28,19/28 bearish,82.4,17,5,USDZAR_otc
22:50-22:55,SELL,66.7,Momentum,27,18/27 bearish,82.4,17,5,USDNGN_otc
21:05-21:10,SELL,68.0,Momentum,25,17/25 bearish,82.4,17,5,USDNGN_otc
19:30-19:35,SELL,66.7,Momentum,18,12/18 bearish,82.4,17,5,USDPKR_otc
23:30-00:00,SELL,66.7,InsideBarBreakout,36,24/36 bearish,81.8,11,30,EURUSD_otc
08:50-08:55,SELL,70.6,Momentum,34,24/34 bearish,81.8,11,5,USDBDT_otc
22:40-22:45,BUY,67.6,Momentum,34,23/34 bullish,81.8,11,5,USDCOP_otc
06:15-06:20,SELL,67.7,Momentum,31,21/31 bearish,81.8,11,5,BRLUSD_otc
12:30-13:00,BUY,71.0,InsideBarBreakout,31,22/31 bullish,81.8,11,30,USDEGP_otc
06:20-06:25,BUY,70.0,Momentum,30,21/30 bullish,81.8,11,5,USDDZD_otc
11:00-11:05,BUY,75.0,Momentum,28,21/28 bullish,81.8,11,5,USDIDR_otc
21:25-21:30,SELL,67.9,Momentum,28,19/28 bearish,81.8,11,5,USDMXN_otc
12:00-13:00,BUY,70.4,WickRejection,27,19/27 bullish,81.8,11,60,USDCOP_otc
02:05-02:10,BUY,80.8,Momentum,26,21/26 bullish,81.8,11,5,BRLUSD_otc
17:10-17:15,SELL,65.4,Momentum,26,17/26 bearish,81.8,11,5,EURNZD_otc
17:15-17:30,BUY,78.3,LiquiditySweep,23,18/23 bullish,81.8,11,15,EURGBP_otc
17:25-17:30,BUY,66.7,Heavy,21,14/21 bullish,81.8,11,5,USDARS_otc
13:00-13:05,BUY,71.4,Momentum,21,15/21 bullish,81.8,11,5,USDIDR_otc
04:45-04:50,SELL,70.0,Momentum,20,14/20 bearish,81.8,11,5,USDBDT_otc
04:20-04:25,BUY,70.0,Heavy,20,14/20 bullish,81.8,11,5,USDIDR_otc
07:10-07:15,BUY,73.7,Momentum,19,14/19 bullish,81.8,11,5,USDBDT_otc
04:30-04:45,SELL,68.4,LiquiditySweep,19,13/19 bearish,81.8,11,15,USDIDR_otc
21:00-21:30,SELL,77.8,ColorBurst,18,14/18 bearish,81.8,11,30,USDNGN_otc
16:30-16:45,SELL,66.7,LiquiditySweep,18,12/18 bearish,81.8,11,15,USDPKR_otc
13:20-13:25,BUY,68.8,Momentum,16,11/16 bullish,81.8,11,5,USDNGN_otc
19:25-19:30,BUY,66.7,Momentum,15,10/15 bullish,81.8,11,5,USDNGN_otc
11:35-11:40,SELL,68.8,DoubleTopBottom,77,53/77 bearish,81.5,27,5,BRLUSD_otc
08:35-08:40,SELL,67.9,Momentum,28,19/28 bearish,81.2,16,5,USDBDT_otc
19:55-20:00,SELL,65.4,Momentum,26,17/26 bearish,81.2,16,5,USDINR_otc
16:50-16:55,SELL,72.2,Momentum,18,13/18 bearish,81.2,16,5,USDNGN_otc
17:30-17:45,SELL,68.1,Momentum,72,49/72 bearish,81.1,37,15,USDPKR_otc
06:30-07:00,BUY,73.8,LiquiditySweep,42,31/42 bullish,80.0,20,30,USDPHP_otc
19:00-20:00,SELL,65.8,ColorBurst,38,25/38 bearish,80.0,5,60,EURGBP_otc
05:05-05:10,SELL,74.3,Momentum,35,26/35 bearish,80.0,5,5,USDEGP_otc
17:00-18:00,SELL,70.6,RSIExtreme,34,24/34 bearish,80.0,10,60,USDBDT_otc
23:55-00:00,BUY,73.5,Momentum,34,25/34 bullish,80.0,10,5,USDCOP_otc
11:40-11:45,BUY,78.1,Momentum,32,25/32 bullish,80.0,10,5,USDPKR_otc
00:25-00:30,SELL,80.0,Momentum,30,24/30 bearish,80.0,10,5,EURCAD_otc
19:00-19:15,BUY,76.7,LiquiditySweep,30,23/30 bullish,80.0,5,15,USDIDR_otc
00:15-00:30,SELL,73.3,LiquiditySweep,30,22/30 bearish,80.0,10,15,USDNGN_otc
01:45-01:50,BUY,65.5,Momentum,29,19/29 bullish,80.0,15,5,USDIDR_otc
18:40-18:45,SELL,69.0,Momentum,29,20/29 bearish,80.0,10,5,USDMXN_otc
20:25-20:30,BUY,71.4,Momentum,28,20/28 bullish,80.0,10,5,BRLUSD_otc
07:30-08:00,BUY,67.9,InsideBarBreakout,28,19/28 bullish,80.0,10,30,USDPHP_otc
14:35-14:40,BUY,66.7,Momentum,27,18/27 bullish,80.0,10,5,EURCAD_otc
16:00-16:05,BUY,70.4,Momentum,27,19/27 bullish,80.0,15,5,EURNZD_otc
19:00-19:05,BUY,74.1,Momentum,27,20/27 bullish,80.0,10,5,USDPHP_otc
19:25-19:30,SELL,69.2,Heavy,26,18/26 bearish,80.0,10,5,EURGBP_otc
06:25-06:30,BUY,65.4,Momentum,26,17/26 bullish,80.0,10,5,USDNGN_otc
16:20-16:25,BUY,88.0,Momentum,25,22/25 bullish,80.0,10,5,USDCOP_otc
10:35-10:40,SELL,68.0,Heavy,25,17/25 bearish,80.0,10,5,USDPHP_otc
20:15-20:20,SELL,78.3,Momentum,23,18/23 bearish,80.0,5,5,USDEGP_otc
20:40-20:45,SELL,65.2,Heavy,23,15/23 bearish,80.0,5,5,USDMXN_otc
16:45-16:50,BUY,69.6,Momentum,23,16/23 bullish,80.0,15,5,USDMXN_otc
23:05-23:10,SELL,69.6,Heavy,23,16/23 bearish,80.0,10,5,USDPKR_otc
09:30-10:00,BUY,73.9,ColorBurst,23,17/23 bullish,80.0,5,30,USDPKR_otc
03:30-03:35,SELL,69.6,Momentum,23,16/23 bearish,80.0,10,5,USDZAR_otc
16:35-16:40,SELL,72.7,Momentum,22,16/22 bearish,80.0,5,5,BRLUSD_otc
18:20-18:25,BUY,68.2,Momentum,22,15/22 bullish,80.0,15,5,EURGBP_otc
07:25-07:30,SELL,68.2,Heavy,22,15/22 bearish,80.0,5,5,EURUSD_otc
09:00-09:05,SELL,77.3,Momentum,22,17/22 bearish,80.0,5,5,USDPHP_otc
00:00-00:05,BUY,72.7,Momentum,22,16/22 bullish,80.0,10,5,USDPHP_otc
20:00-20:30,BUY,72.7,ColorBurst,22,16/22 bullish,80.0,5,30,USDZAR_otc
08:50-08:55,BUY,66.7,Momentum,21,14/21 bullish,80.0,5,5,BRLUSD_otc
13:05-13:10,BUY,71.4,Engulfing,21,15/21 bullish,80.0,10,5,EURNZD_otc
22:55-23:00,SELL,71.4,Heavy,21,15/21 bearish,80.0,5,5,EURUSD_otc
03:45-03:50,SELL,66.7,Engulfing,21,14/21 bearish,80.0,5,5,EURUSD_otc
06:45-07:00,SELL,71.4,InsideBarBreakout,21,15/21 bearish,80.0,5,15,USDDZD_otc
16:30-16:35,SELL,66.7,Momentum,21,14/21 bearish,80.0,5,5,USDEGP_otc
08:25-08:30,SELL,66.7,Engulfing,21,14/21 bearish,80.0,5,5,USDIDR_otc
12:20-12:25,BUY,71.4,Reversal,21,15/21 bullish,80.0,10,5,USDZAR_otc
10:30-10:35,SELL,70.0,Momentum,20,14/20 bearish,80.0,5,5,EURCAD_otc
18:05-18:10,SELL,80.0,Engulfing,20,16/20 bearish,80.0,10,5,EURGBP_otc
20:20-20:25,SELL,65.0,Momentum,20,13/20 bearish,80.0,10,5,EURNZD_otc
09:45-10:00,SELL,65.0,InsideBarBreakout,20,13/20 bearish,80.0,5,15,EURUSD_otc
23:45-00:00,SELL,65.0,InsideBarBreakout,20,13/20 bearish,80.0,5,15,USDBDT_otc
22:00-23:00,BUY,70.0,SqueezeBreakout,20,14/20 bullish,80.0,5,60,USDBDT_otc
13:00-13:15,SELL,65.0,LiquiditySweep,20,13/20 bearish,80.0,5,15,USDEGP_otc
01:00-01:30,BUY,65.0,WickRejection,20,13/20 bullish,80.0,5,30,USDINR_otc
00:55-01:00,SELL,68.4,Engulfing,19,13/19 bearish,80.0,5,5,USDPKR_otc
14:45-14:50,BUY,94.4,Momentum,18,17/18 bullish,80.0,10,5,EURCAD_otc
14:25-14:30,SELL,66.7,Engulfing,18,12/18 bearish,80.0,5,5,EURUSD_otc
03:25-03:30,BUY,72.2,Engulfing,18,13/18 bullish,80.0,10,5,USDARS_otc
10:20-10:25,SELL,66.7,Heavy,18,12/18 bearish,80.0,10,5,USDBDT_otc
04:40-04:45,SELL,66.7,Engulfing,18,12/18 bearish,80.0,10,5,USDIDR_otc
03:05-03:10,BUY,66.7,Engulfing,18,12/18 bullish,80.0,5,5,USDNGN_otc
04:10-04:15,SELL,77.8,Momentum,18,14/18 bearish,80.0,5,5,USDPKR_otc
00:30-01:00,SELL,70.6,RSIExtreme,17,12/17 bearish,80.0,5,30,USDIDR_otc
21:30-22:00,BUY,75.0,WickRejection,16,12/16 bullish,80.0,5,30,EURUSD_otc
08:15-08:20,SELL,68.8,Momentum,16,11/16 bearish,80.0,10,5,USDEGP_otc
00:00-00:05,BUY,68.8,Heavy,16,11/16 bullish,80.0,5,5,USDIDR_otc
08:30-09:00,BUY,68.8,ColorBurst,16,11/16 bullish,80.0,5,30,USDZAR_otc
21:00-21:30,SELL,75.0,ColorBurst,16,12/16 bearish,80.0,5,30,USDZAR_otc
11:30-11:45,BUY,66.7,InsideBarBreakout,15,10/15 bullish,80.0,5,15,USDCOP_otc
15:45-16:00,SELL,66.7,LiquiditySweep,15,10/15 bearish,80.0,5,15,USDINR_otc
08:00-08:30,BUY,66.7,LiquiditySweep,39,26/39 bullish,78.9,19,30,USDEGP_otc
21:00-22:00,SELL,65.8,ColorBurst,38,25/38 bearish,78.9,19,60,USDEGP_otc
19:30-20:00,BUY,70.0,LiquiditySweep,50,35/50 bullish,78.6,14,30,USDINR_otc
18:55-19:00,SELL,68.8,Momentum,32,22/32 bearish,78.6,14,5,USDIDR_otc
13:55-14:00,SELL,65.4,Momentum,26,17/26 bearish,78.6,14,5,USDEGP_otc
17:40-17:45,SELL,87.5,Momentum,24,21/24 bearish,78.6,14,5,USDPKR_otc
08:00-09:00,BUY,76.2,WickRejection,21,16/21 bullish,78.6,14,60,EURNZD_otc
19:00-19:05,BUY,71.4,Reversal,21,15/21 bullish,78.6,14,5,USDNGN_otc
17:00-17:15,BUY,89.5,LiquiditySweep,19,17/19 bullish,78.6,14,15,EURNZD_otc
07:30-07:35,BUY,75.0,Heavy,16,12/16 bullish,78.6,14,5,EURNZD_otc
06:30-06:45,SELL,68.8,LiquiditySweep,16,11/16 bearish,78.6,14,15,USDINR_otc
12:40-12:45,SELL,81.2,Momentum,16,13/16 bearish,78.6,14,5,USDPHP_otc
23:30-00:00,SELL,65.1,LiquiditySweep,43,28/43 bearish,77.8,18,30,USDMXN_otc
21:00-22:00,SELL,71.4,ColorBurst,35,25/35 bearish,77.8,9,60,USDPHP_otc
17:35-17:40,BUY,72.7,Momentum,33,24/33 bullish,77.8,9,5,EURCAD_otc
00:30-00:35,SELL,70.0,Momentum,30,21/30 bearish,77.8,9,5,USDIDR_otc
12:30-12:35,SELL,79.3,Momentum,29,23/29 bearish,77.8,9,5,USDIDR_otc
08:20-08:25,SELL,67.9,Momentum,28,19/28 bearish,77.8,9,5,USDIDR_otc
17:20-17:25,SELL,70.4,Momentum,27,19/27 bearish,77.8,9,5,EURGBP_otc
13:15-13:20,SELL,73.1,Momentum,26,19/26 bearish,77.8,9,5,EURCAD_otc
11:25-11:30,BUY,73.1,Reversal,26,19/26 bullish,77.8,9,5,EURNZD_otc
06:10-06:15,BUY,73.1,Momentum,26,19/26 bullish,77.8,9,5,EURUSD_otc
17:20-17:25,SELL,65.4,Momentum,26,17/26 bearish,77.8,9,5,USDEGP_otc
19:00-19:30,BUY,65.4,WickRejection,26,17/26 bullish,77.8,9,30,USDIDR_otc
05:40-05:45,BUY,68.0,Heavy,25,17/25 bullish,77.8,9,5,USDIDR_otc
04:15-04:30,BUY,66.7,LiquiditySweep,24,16/24 bullish,77.8,9,15,EURGBP_otc
12:15-12:20,BUY,66.7,Heavy,24,16/24 bullish,77.8,9,5,USDPKR_otc
19:10-19:15,BUY,65.2,Engulfing,23,15/23 bullish,77.8,9,5,EURGBP_otc
21:00-21:30,SELL,78.3,ColorBurst,23,18/23 bearish,77.8,9,30,USDEGP_otc
23:40-23:45,BUY,65.2,Heavy,23,15/23 bullish,77.8,9,5,USDMXN_otc
17:30-17:45,BUY,73.9,LiquiditySweep,23,17/23 bullish,77.8,9,15,USDPHP_otc
05:50-05:55,BUY,69.6,Heavy,23,16/23 bullish,77.8,9,5,USDPKR_otc
02:40-02:45,BUY,68.2,Momentum,22,15/22 bullish,77.8,9,5,EURUSD_otc
00:15-00:30,BUY,68.2,LiquiditySweep,22,15/22 bullish,77.8,9,15,USDEGP_otc
21:15-21:30,SELL,65.0,LiquiditySweep,20,13/20 bearish,77.8,9,15,USDBDT_otc
07:45-08:00,BUY,65.0,LiquiditySweep,20,13/20 bullish,77.8,9,15,USDDZD_otc
07:55-08:00,BUY,70.0,Heavy,20,14/20 bullish,77.8,9,5,USDPKR_otc
15:00-15:15,BUY,65.0,LiquiditySweep,20,13/20 bullish,77.8,9,15,USDZAR_otc
15:50-15:55,SELL,72.2,Heavy,18,13/18 bearish,77.8,9,5,EURNZD_otc
07:45-08:00,SELL,72.2,LiquiditySweep,18,13/18 bearish,77.8,9,15,USDPHP_otc
02:30-03:00,SELL,70.6,WickRejection,17,12/17 bearish,77.8,9,30,USDZAR_otc
10:30-11:00,SELL,75.0,ColorBurst,16,12/16 bearish,77.8,9,30,USDDZD_otc
02:30-03:00,SELL,81.2,ColorBurst,16,13/16 bearish,77.8,9,30,USDEGP_otc
09:15-09:30,BUY,66.7,LiquiditySweep,15,10/15 bullish,77.8,9,15,EURCAD_otc
15:30-15:45,BUY,73.3,LiquiditySweep,15,11/15 bullish,77.8,9,15,USDBDT_otc
22:45-23:00,SELL,66.7,LiquiditySweep,15,10/15 bearish,77.8,9,15,USDZAR_otc
10:00-10:30,BUY,72.5,LiquiditySweep,40,29/40 bullish,76.9,13,30,USDBDT_otc
07:15-07:20,SELL,70.0,Momentum,30,21/30 bearish,76.9,13,5,EURGBP_otc
13:25-13:30,BUY,70.0,Momentum,30,21/30 bullish,76.9,13,5,USDEGP_otc
08:10-08:15,BUY,71.4,Momentum,28,20/28 bullish,76.9,13,5,USDDZD_otc
00:20-00:25,SELL,67.9,Momentum,28,19/28 bearish,76.9,13,5,USDZAR_otc
22:30-22:35,SELL,70.8,Reversal,24,17/24 bearish,76.9,13,5,BRLUSD_otc
00:00-00:30,SELL,71.4,InsideBarBreakout,21,15/21 bearish,76.9,13,30,USDARS_otc
14:25-14:30,BUY,70.0,Momentum,20,14/20 bullish,76.9,13,5,USDPHP_otc
12:15-12:30,SELL,68.8,LiquiditySweep,16,11/16 bearish,76.9,13,15,USDNGN_otc
07:30-07:45,SELL,68.4,Momentum,76,52/76 bearish,76.5,17,15,EURCAD_otc
00:15-00:30,BUY,70.3,Momentum,64,45/64 bullish,76.5,34,15,USDDZD_otc
01:35-01:40,SELL,68.0,Momentum,25,17/25 bearish,76.5,17,5,EURGBP_otc
17:10-17:15,SELL,77.8,Momentum,18,14/18 bearish,76.5,17,5,USDPHP_otc
08:00-08:15,BUY,66.7,Momentum,75,50/75 bullish,76.0,25,15,USDDZD_otc
06:45-07:00,BUY,66.7,Momentum,78,52/78 bullish,75.0,32,15,USDIDR_otc
17:30-18:00,SELL,66.7,LiquiditySweep,42,28/42 bearish,75.0,12,30,USDINR_otc
01:15-01:30,SELL,77.1,LiquiditySweep,35,27/35 bearish,75.0,12,15,EURGBP_otc
06:05-06:10,BUY,71.4,Momentum,35,25/35 bullish,75.0,8,5,USDPHP_otc
07:40-07:45,SELL,68.8,Momentum,32,22/32 bearish,75.0,20,5,USDIDR_otc
05:20-05:25,BUY,67.7,Momentum,31,21/31 bullish,75.0,16,5,EURNZD_otc
16:10-16:15,SELL,71.0,Momentum,31,22/31 bearish,75.0,12,5,EURUSD_otc
21:35-21:40,BUY,80.0,Momentum,30,24/30 bullish,75.0,8,5,USDEGP_otc
19:25-19:30,BUY,75.9,Momentum,29,22/29 bullish,75.0,12,5,EURUSD_otc
17:35-17:40,SELL,65.5,Momentum,29,19/29 bearish,75.0,12,5,USDBDT_otc
12:50-12:55,BUY,69.0,Heavy,29,20/29 bullish,75.0,8,5,USDDZD_otc
05:30-06:00,SELL,65.5,ColorBurst,29,19/29 bearish,75.0,12,30,USDIDR_otc
01:20-01:25,SELL,65.5,Reversal,29,19/29 bearish,75.0,12,5,USDNGN_otc
03:40-03:45,SELL,75.9,Momentum,29,22/29 bearish,75.0,8,5,USDPHP_otc
16:10-16:15,SELL,69.0,Momentum,29,20/29 bearish,75.0,8,5,USDPHP_otc
19:25-19:30,SELL,67.9,Reversal,28,19/28 bearish,75.0,12,5,EURGBP_otc
04:50-04:55,SELL,75.0,Momentum,28,21/28 bearish,75.0,8,5,EURGBP_otc
16:45-17:00,BUY,71.4,LiquiditySweep,28,20/28 bullish,75.0,8,15,EURNZD_otc
23:00-23:15,SELL,70.4,LiquiditySweep,27,19/27 bearish,75.0,8,15,EURNZD_otc
19:25-19:30,SELL,69.2,Momentum,26,18/26 bearish,75.0,8,5,USDEGP_otc
05:15-05:20,SELL,69.2,Momentum,26,18/26 bearish,75.0,12,5,USDINR_otc
04:50-04:55,BUY,69.2,Momentum,26,18/26 bullish,75.0,12,5,USDPKR_otc
19:30-19:35,BUY,68.0,Momentum,25,17/25 bullish,75.0,8,5,BRLUSD_otc
11:35-11:40,BUY,68.0,Momentum,25,17/25 bullish,75.0,8,5,USDINR_otc
07:10-07:15,SELL,66.7,Engulfing,24,16/24 bearish,75.0,8,5,USDARS_otc
00:05-00:10,SELL,70.8,Momentum,24,17/24 bearish,75.0,8,5,USDBDT_otc
08:30-08:35,BUY,70.8,Momentum,24,17/24 bullish,75.0,12,5,USDCOP_otc
17:45-18:00,BUY,66.7,LiquiditySweep,24,16/24 bullish,75.0,8,15,USDIDR_otc
19:05-19:10,BUY,66.7,Heavy,24,16/24 bullish,75.0,12,5,USDINR_otc
18:20-18:25,BUY,66.7,Momentum,24,16/24 bullish,75.0,12,5,USDINR_otc
09:35-09:40,BUY,70.8,Heavy,24,17/24 bullish,75.0,8,5,USDNGN_otc
01:05-01:10,SELL,66.7,Reversal,24,16/24 bearish,75.0,8,5,USDPHP_otc
17:45-17:50,BUY,65.2,Momentum,23,15/23 bullish,75.0,8,5,EURUSD_otc
05:20-05:25,BUY,69.6,Heavy,23,16/23 bullish,75.0,16,5,USDARS_otc
14:15-14:20,BUY,65.2,Reversal,23,15/23 bullish,75.0,12,5,USDBDT_otc
00:20-00:25,SELL,78.3,Momentum,23,18/23 bearish,75.0,12,5,USDCOP_otc
03:20-03:25,SELL,69.6,Momentum,23,16/23 bearish,75.0,8,5,USDEGP_otc
09:10-09:15,SELL,69.6,Heavy,23,16/23 bearish,75.0,12,5,USDINR_otc
09:55-10:00,SELL,73.9,Momentum,23,17/23 bearish,75.0,16,5,USDNGN_otc
04:00-04:05,SELL,68.2,Momentum,22,15/22 bearish,75.0,12,5,EURGBP_otc
00:45-00:50,SELL,72.7,Momentum,22,16/22 bearish,75.0,8,5,EURNZD_otc
18:55-19:00,BUY,77.3,Momentum,22,17/22 bullish,75.0,12,5,USDCOP_otc
22:30-22:35,SELL,68.2,Momentum,22,15/22 bearish,75.0,8,5,USDINR_otc
12:55-13:00,BUY,72.7,Momentum,22,16/22 bullish,75.0,8,5,USDMXN_otc
08:00-08:15,BUY,77.3,LiquiditySweep,22,17/22 bullish,75.0,12,15,USDPHP_otc
07:15-07:20,SELL,66.7,Heavy,21,14/21 bearish,75.0,8,5,BRLUSD_otc
09:15-09:20,BUY,66.7,Heavy,21,14/21 bullish,75.0,8,5,EURNZD_otc
00:50-00:55,SELL,66.7,Momentum,21,14/21 bearish,75.0,8,5,EURNZD_otc
21:45-22:00,SELL,66.7,LiquiditySweep,21,14/21 bearish,75.0,12,15,EURNZD_otc
03:10-03:15,BUY,71.4,Heavy,21,15/21 bullish,75.0,12,5,EURUSD_otc
09:25-09:30,SELL,66.7,Heavy,21,14/21 bearish,75.0,8,5,EURUSD_otc
06:30-06:35,SELL,71.4,Momentum,21,15/21 bearish,75.0,8,5,USDARS_otc
12:05-12:10,SELL,76.2,Momentum,21,16/21 bearish,75.0,8,5,USDARS_otc
19:00-19:05,BUY,81.0,Momentum,21,17/21 bullish,75.0,8,5,USDEGP_otc
13:00-13:30,BUY,76.2,ColorBurst,21,16/21 bullish,75.0,12,30,USDIDR_otc
01:00-01:05,SELL,76.2,Heavy,21,16/21 bearish,75.0,12,5,USDINR_otc
14:30-15:00,BUY,76.2,ColorBurst,21,16/21 bullish,75.0,8,30,USDNGN_otc
22:15-22:30,BUY,65.0,InsideBarBreakout,20,13/20 bullish,75.0,8,15,BRLUSD_otc
21:05-21:10,SELL,70.0,Momentum,20,14/20 bearish,75.0,8,5,EURGBP_otc
08:00-08:15,BUY,85.0,LiquiditySweep,20,17/20 bullish,75.0,8,15,EURNZD_otc
13:00-13:30,BUY,80.0,ColorBurst,20,16/20 bullish,75.0,8,30,EURNZD_otc
22:25-22:30,SELL,75.0,Heavy,20,15/20 bearish,75.0,8,5,USDARS_otc
03:45-03:50,BUY,65.0,Heavy,20,13/20 bullish,75.0,8,5,USDBDT_otc
13:25-13:30,BUY,68.4,Momentum,19,13/19 bullish,75.0,8,5,EURCAD_otc
13:15-13:20,SELL,68.4,Engulfing,19,13/19 bearish,75.0,12,5,EURGBP_otc
08:35-08:40,SELL,73.7,Momentum,19,14/19 bearish,75.0,8,5,EURUSD_otc
06:15-06:20,BUY,68.4,Momentum,19,13/19 bullish,75.0,16,5,USDIDR_otc
02:10-02:15,SELL,73.7,Heavy,19,14/19 bearish,75.0,12,5,USDNGN_otc
14:15-14:30,BUY,68.4,LiquiditySweep,19,13/19 bullish,75.0,8,15,USDNGN_otc
02:30-02:45,SELL,68.4,LiquiditySweep,19,13/19 bearish,75.0,8,15,USDNGN_otc
16:35-16:40,SELL,66.7,Heavy,18,12/18 bearish,75.0,8,5,BRLUSD_otc
10:15-10:30,SELL,66.7,LiquiditySweep,18,12/18 bearish,75.0,8,15,EURGBP_otc
12:05-12:10,SELL,77.8,Engulfing,18,14/18 bearish,75.0,8,5,EURUSD_otc
13:00-13:30,BUY,66.7,ColorBurst,18,12/18 bullish,75.0,8,30,USDEGP_otc
11:30-11:35,SELL,76.5,Momentum,17,13/17 bearish,75.0,12,5,EURCAD_otc
17:05-17:10,SELL,70.6,Engulfing,17,12/17 bearish,75.0,8,5,EURGBP_otc
05:05-05:10,BUY,70.6,Engulfing,17,12/17 bullish,75.0,8,5,USDNGN_otc
19:00-19:30,BUY,70.6,WickRejection,17,12/17 bullish,75.0,8,30,USDPHP_otc
10:20-10:25,BUY,68.8,Heavy,16,11/16 bullish,75.0,8,5,EURGBP_otc
13:50-13:55,BUY,81.2,Engulfing,16,13/16 bullish,75.0,12,5,USDIDR_otc
07:00-07:30,SELL,68.8,WickRejection,16,11/16 bearish,75.0,8,30,USDIDR_otc
22:15-22:20,SELL,68.8,Momentum,16,11/16 bearish,75.0,16,5,USDNGN_otc
06:00-06:30,SELL,87.5,ColorBurst,16,14/16 bearish,75.0,12,30,USDNGN_otc
19:05-19:10,BUY,75.0,Momentum,16,12/16 bullish,75.0,12,5,USDPHP_otc
10:55-11:00,SELL,75.0,Heavy,16,12/16 bearish,75.0,8,5,USDPKR_otc
15:30-15:35,BUY,81.2,Momentum,16,13/16 bullish,75.0,12,5,USDPKR_otc
14:05-14:10,SELL,80.0,Momentum,15,12/15 bearish,75.0,8,5,EURUSD_otc
06:15-06:30,BUY,66.7,InsideBarBreakout,15,10/15 bullish,75.0,8,15,USDARS_otc
20:40-20:45,BUY,66.7,Engulfing,15,10/15 bullish,75.0,8,5,USDCOP_otc
13:00-13:15,BUY,69.2,Momentum,91,63/91 bullish,74.3,35,15,USDIDR_otc
17:00-17:30,BUY,76.6,LiquiditySweep,47,36/47 bullish,73.7,19,30,EURGBP_otc
19:00-19:15,SELL,69.6,Momentum,79,55/79 bearish,73.5,34,15,USDBDT_otc
02:30-03:00,SELL,72.2,LiquiditySweep,36,26/36 bearish,73.3,15,30,EURNZD_otc
03:25-03:30,SELL,69.7,Momentum,33,23/33 bearish,73.3,15,5,EURUSD_otc
15:15-15:20,BUY,67.7,Momentum,31,21/31 bullish,73.3,15,5,USDPHP_otc
04:00-05:00,SELL,65.4,ColorBurst,26,17/26 bearish,73.3,15,60,USDZAR_otc
23:05-23:10,SELL,85.0,Momentum,20,17/20 bearish,73.3,15,5,USDPKR_otc
07:40-07:45,BUY,68.4,Momentum,19,13/19 bullish,73.3,15,5,BRLUSD_otc
14:40-14:45,SELL,72.2,Momentum,18,13/18 bearish,73.3,15,5,USDINR_otc
18:15-18:20,BUY,72.2,Momentum,18,13/18 bullish,73.3,15,5,USDPHP_otc
19:55-20:00,BUY,76.5,Momentum,17,13/17 bullish,73.3,15,5,EURUSD_otc
10:20-10:25,SELL,70.6,Momentum,34,24/34 bearish,72.7,11,5,USDNGN_otc
00:00-01:00,SELL,70.0,WickRejection,30,21/30 bearish,72.7,11,60,EURNZD_otc
04:55-05:00,BUY,75.9,Momentum,29,22/29 bullish,72.7,11,5,USDMXN_otc
08:30-09:00,SELL,74.1,InsideBarBreakout,27,20/27 bearish,72.7,11,30,EURUSD_otc
12:40-12:45,BUY,70.4,Momentum,27,19/27 bullish,72.7,11,5,USDARS_otc
04:30-04:35,BUY,66.7,Reversal,27,18/27 bullish,72.7,11,5,USDIDR_otc
23:10-23:15,BUY,66.7,Momentum,27,18/27 bullish,72.7,11,5,USDMXN_otc
16:05-16:10,SELL,66.7,Momentum,27,18/27 bearish,72.7,11,5,USDZAR_otc
03:10-03:15,BUY,65.4,Reversal,26,17/26 bullish,72.7,11,5,USDDZD_otc
11:40-11:45,SELL,76.0,Momentum,25,19/25 bearish,72.7,11,5,USDEGP_otc
04:15-04:20,BUY,68.0,Reversal,25,17/25 bullish,72.7,11,5,USDINR_otc
23:35-23:40,BUY,66.7,Heavy,24,16/24 bullish,72.7,11,5,USDARS_otc
00:35-00:40,BUY,70.8,Momentum,24,17/24 bullish,72.7,11,5,USDCOP_otc
22:10-22:15,BUY,75.0,Reversal,24,18/24 bullish,72.7,11,5,USDINR_otc
08:10-08:15,BUY,66.7,Reversal,24,16/24 bullish,72.7,11,5,USDNGN_otc
23:20-23:25,BUY,66.7,Reversal,24,16/24 bullish,72.7,11,5,USDZAR_otc
06:00-06:05,BUY,65.2,Heavy,23,15/23 bullish,72.7,11,5,USDARS_otc
11:15-11:30,SELL,73.9,LiquiditySweep,23,17/23 bearish,72.7,11,15,USDBDT_otc
13:10-13:15,SELL,69.6,Heavy,23,16/23 bearish,72.7,11,5,USDDZD_otc
05:35-05:40,SELL,65.2,Momentum,23,15/23 bearish,72.7,11,5,USDDZD_otc
14:15-14:20,SELL,69.6,Momentum,23,16/23 bearish,72.7,11,5,USDEGP_otc
10:10-10:15,BUY,65.2,Momentum,23,15/23 bullish,72.7,11,5,USDPKR_otc
20:10-20:15,BUY,68.2,Heavy,22,15/22 bullish,72.7,11,5,EURNZD_otc
04:25-04:30,SELL,77.3,Heavy,22,17/22 bearish,72.7,11,5,USDARS_otc
03:25-03:30,BUY,77.3,Heavy,22,17/22 bullish,72.7,11,5,USDINR_otc
12:40-12:45,SELL,68.2,Momentum,22,15/22 bearish,72.7,11,5,USDINR_otc
02:15-02:30,SELL,68.2,LiquiditySweep,22,15/22 bearish,72.7,11,15,USDPHP_otc
18:50-18:55,BUY,71.4,Heavy,21,15/21 bullish,72.7,11,5,USDCOP_otc
11:00-11:30,BUY,95.2,ColorBurst,21,20/21 bullish,72.7,11,30,USDDZD_otc
05:10-05:15,BUY,71.4,Reversal,21,15/21 bullish,72.7,11,5,USDEGP_otc
00:20-00:25,SELL,66.7,Momentum,21,14/21 bearish,72.7,11,5,USDEGP_otc
08:30-08:35,SELL,65.0,Reversal,20,13/20 bearish,72.7,11,5,EURUSD_otc
12:30-12:35,BUY,75.0,Momentum,20,15/20 bullish,72.7,11,5,USDMXN_otc
19:05-19:10,BUY,80.0,Momentum,20,16/20 bullish,72.7,11,5,USDNGN_otc
21:50-21:55,SELL,75.0,Heavy,20,15/20 bearish,72.7,11,5,USDZAR_otc
06:25-06:30,BUY,68.4,Engulfing,19,13/19 bullish,72.7,11,5,USDARS_otc
12:45-12:50,SELL,68.4,Momentum,19,13/19 bearish,72.7,11,5,USDBDT_otc
05:30-06:00,SELL,73.7,ColorBurst,19,14/19 bearish,72.7,11,30,USDNGN_otc
13:00-13:05,BUY,72.2,Heavy,18,13/18 bullish,72.7,11,5,EURUSD_otc
04:45-05:00,BUY,72.2,LiquiditySweep,18,13/18 bullish,72.7,11,15,USDINR_otc
07:40-07:45,SELL,77.8,Reversal,18,14/18 bearish,72.7,11,5,USDPKR_otc
22:00-22:05,SELL,82.4,Engulfing,17,14/17 bearish,72.7,11,5,USDPHP_otc
11:50-11:55,SELL,68.8,Heavy,16,11/16 bearish,72.7,11,5,USDBDT_otc
02:00-02:30,SELL,67.6,LiquiditySweep,37,25/37 bearish,72.2,18,30,USDPHP_otc
08:00-08:30,BUY,68.2,LiquiditySweep,44,30/44 bullish,72.0,25,30,EURNZD_otc
02:30-02:45,BUY,65.6,Momentum,64,42/64 bullish,71.9,32,15,EURUSD_otc
14:15-14:20,BUY,70.6,Momentum,34,24/34 bullish,71.4,7,5,USDIDR_otc
02:50-02:55,SELL,66.7,Momentum,30,20/30 bearish,71.4,7,5,EURCAD_otc
03:20-03:25,BUY,70.0,Momentum,30,21/30 bullish,71.4,14,5,USDMXN_otc
04:45-04:50,BUY,73.3,Momentum,30,22/30 bullish,71.4,7,5,USDPKR_otc
22:30-23:00,BUY,75.9,ColorBurst,29,22/29 bullish,71.4,7,30,USDCOP_otc
11:40-11:45,SELL,65.5,Momentum,29,19/29 bearish,71.4,7,5,USDDZD_otc
13:05-13:10,BUY,75.9,Momentum,29,22/29 bullish,71.4,14,5,USDIDR_otc
17:15-17:30,SELL,69.0,LiquiditySweep,29,20/29 bearish,71.4,7,15,USDIDR_otc
02:50-02:55,BUY,65.5,Momentum,29,19/29 bullish,71.4,7,5,USDMXN_otc
04:15-04:20,SELL,69.0,Momentum,29,20/29 bearish,71.4,14,5,USDPKR_otc
17:50-17:55,SELL,75.0,Momentum,28,21/28 bearish,71.4,7,5,USDMXN_otc
17:50-17:55,SELL,70.4,Engulfing,27,19/27 bearish,71.4,7,5,USDIDR_otc
03:30-03:45,SELL,74.1,LiquiditySweep,27,20/27 bearish,71.4,7,15,USDINR_otc
13:55-14:00,SELL,66.7,Reversal,27,18/27 bearish,71.4,7,5,USDMXN_otc
23:45-23:50,BUY,74.1,Momentum,27,20/27 bullish,71.4,14,5,USDMXN_otc
16:50-16:55,SELL,66.7,Heavy,27,18/27 bearish,71.4,7,5,USDZAR_otc
13:15-13:20,SELL,73.1,Heavy,26,19/26 bearish,71.4,14,5,EURCAD_otc
12:05-12:10,SELL,65.4,Heavy,26,17/26 bearish,71.4,14,5,EURUSD_otc
22:10-22:15,SELL,69.2,Heavy,26,18/26 bearish,71.4,7,5,USDDZD_otc
08:50-08:55,BUY,69.2,Momentum,26,18/26 bullish,71.4,14,5,USDINR_otc
00:00-01:00,SELL,69.2,WickRejection,26,18/26 bearish,71.4,7,60,USDZAR_otc
11:05-11:10,SELL,80.0,Momentum,25,20/25 bearish,71.4,21,5,EURGBP_otc
19:40-19:45,SELL,68.0,Momentum,25,17/25 bearish,71.4,7,5,USDBDT_otc
13:15-13:20,BUY,72.0,Heavy,25,18/25 bullish,71.4,7,5,USDCOP_otc
10:15-10:30,BUY,68.0,LiquiditySweep,25,17/25 bullish,71.4,7,15,USDINR_otc
17:45-18:00,SELL,72.0,LiquiditySweep,25,18/25 bearish,71.4,7,15,USDINR_otc
17:25-17:30,SELL,76.0,Momentum,25,19/25 bearish,71.4,7,5,USDPKR_otc
23:05-23:10,SELL,66.7,Momentum,24,16/24 bearish,71.4,7,5,BRLUSD_otc
16:05-16:10,SELL,66.7,Engulfing,24,16/24 bearish,71.4,7,5,BRLUSD_otc
18:15-18:20,BUY,66.7,Engulfing,24,16/24 bullish,71.4,7,5,USDARS_otc
08:10-08:15,BUY,75.0,Momentum,24,18/24 bullish,71.4,14,5,USDINR_otc
12:50-12:55,BUY,79.2,Momentum,24,19/24 bullish,71.4,14,5,USDZAR_otc
08:00-09:00,BUY,70.8,WickRejection,24,17/24 bullish,71.4,14,60,USDZAR_otc
19:45-20:00,SELL,69.6,LiquiditySweep,23,16/23 bearish,71.4,7,15,EURCAD_otc
16:00-16:15,SELL,69.6,LiquiditySweep,23,16/23 bearish,71.4,7,15,EURNZD_otc
01:40-01:45,SELL,69.6,Momentum,23,16/23 bearish,71.4,7,5,USDARS_otc
21:30-21:35,BUY,65.2,Heavy,23,15/23 bullish,71.4,7,5,USDBDT_otc
08:45-08:50,SELL,65.2,Reversal,23,15/23 bearish,71.4,14,5,USDBDT_otc
22:30-23:00,SELL,65.2,ColorBurst,23,15/23 bearish,71.4,7,30,USDBDT_otc
20:15-20:30,BUY,69.6,InsideBarBreakout,23,16/23 bullish,71.4,7,15,USDEGP_otc
20:00-20:05,SELL,69.6,Momentum,23,16/23 bearish,71.4,14,5,USDPHP_otc
17:15-17:30,SELL,65.2,LiquiditySweep,23,15/23 bearish,71.4,7,15,USDPKR_otc
20:35-20:40,SELL,73.9,Engulfing,23,17/23 bearish,71.4,7,5,USDZAR_otc
06:15-06:30,BUY,65.2,LiquiditySweep,23,15/23 bullish,71.4,7,15,USDZAR_otc
13:40-13:45,BUY,72.7,Heavy,22,16/22 bullish,71.4,7,5,EURUSD_otc
09:35-09:40,BUY,68.2,Momentum,22,15/22 bullish,71.4,14,5,USDCOP_otc
07:30-07:45,SELL,68.2,LiquiditySweep,22,15/22 bearish,71.4,7,15,USDDZD_otc
22:35-22:40,BUY,66.7,Heavy,21,14/21 bullish,71.4,7,5,BRLUSD_otc
18:00-18:05,SELL,66.7,Momentum,21,14/21 bearish,71.4,7,5,USDARS_otc
11:40-11:45,SELL,66.7,Momentum,21,14/21 bearish,71.4,7,5,USDCOP_otc
15:30-15:35,BUY,76.2,Momentum,21,16/21 bullish,71.4,7,5,USDMXN_otc
03:05-03:10,SELL,71.4,Engulfing,21,15/21 bearish,71.4,7,5,USDPHP_otc
06:30-06:45,BUY,76.2,LiquiditySweep,21,16/21 bullish,71.4,7,15,USDPHP_otc
10:15-10:20,SELL,66.7,Heavy,21,14/21 bearish,71.4,7,5,USDPKR_otc
09:20-09:25,BUY,85.0,Momentum,20,17/20 bullish,71.4,7,5,BRLUSD_otc
17:20-17:25,BUY,70.0,Heavy,20,14/20 bullish,71.4,7,5,EURCAD_otc
11:30-11:35,BUY,75.0,Momentum,20,15/20 bullish,71.4,14,5,EURGBP_otc
11:30-12:00,BUY,65.0,ColorBurst,20,13/20 bullish,71.4,7,30,EURNZD_otc
14:55-15:00,SELL,65.0,Engulfing,20,13/20 bearish,71.4,7,5,USDBDT_otc
12:25-12:30,BUY,65.0,Engulfing,20,13/20 bullish,71.4,7,5,USDCOP_otc
06:25-06:30,SELL,65.0,Momentum,20,13/20 bearish,71.4,7,5,USDEGP_otc
05:40-05:45,SELL,65.0,Heavy,20,13/20 bearish,71.4,7,5,USDINR_otc
01:40-01:45,SELL,80.0,Momentum,20,16/20 bearish,71.4,7,5,USDPKR_otc
21:25-21:30,SELL,65.0,Engulfing,20,13/20 bearish,71.4,7,5,USDZAR_otc
08:30-08:35,SELL,78.9,Engulfing,19,15/19 bearish,71.4,7,5,EURUSD_otc
05:20-05:25,SELL,68.4,Momentum,19,13/19 bearish,71.4,7,5,USDBDT_otc
15:15-15:20,BUY,68.4,Engulfing,19,13/19 bullish,71.4,7,5,USDCOP_otc
18:25-18:30,SELL,73.7,Heavy,19,14/19 bearish,71.4,14,5,USDINR_otc
21:00-21:05,SELL,68.4,Heavy,19,13/19 bearish,71.4,7,5,USDMXN_otc
12:55-13:00,BUY,68.4,Momentum,19,13/19 bullish,71.4,7,5,USDPHP_otc
13:10-13:15,SELL,68.4,Momentum,19,13/19 bearish,71.4,7,5,USDPKR_otc
06:30-06:35,BUY,77.8,Momentum,18,14/18 bullish,71.4,7,5,BRLUSD_otc
17:55-18:00,SELL,66.7,Engulfing,18,12/18 bearish,71.4,14,5,BRLUSD_otc
16:00-16:15,BUY,66.7,InsideBarBreakout,18,12/18 bullish,71.4,7,15,EURGBP_otc
14:30-14:45,SELL,66.7,InsideBarBreakout,18,12/18 bearish,71.4,7,15,EURNZD_otc
10:45-10:50,BUY,66.7,Engulfing,18,12/18 bullish,71.4,7,5,USDPHP_otc
12:30-12:35,BUY,70.6,Engulfing,17,12/17 bullish,71.4,7,5,EURCAD_otc
03:00-03:15,BUY,82.4,InsideBarBreakout,17,14/17 bullish,71.4,7,15,USDDZD_otc
08:00-08:15,BUY,70.6,InsideBarBreakout,17,12/17 bullish,71.4,7,15,USDNGN_otc
08:10-08:15,SELL,70.6,Heavy,17,12/17 bearish,71.4,7,5,USDPHP_otc
13:35-13:40,SELL,81.2,Heavy,16,13/16 bearish,71.4,14,5,BRLUSD_otc
21:20-21:25,SELL,68.8,Heavy,16,11/16 bearish,71.4,7,5,EURCAD_otc
19:15-19:30,SELL,68.8,InsideBarBreakout,16,11/16 bearish,71.4,7,15,USDARS_otc
22:05-22:10,SELL,68.8,Momentum,16,11/16 bearish,71.4,7,5,USDBDT_otc
23:00-23:30,BUY,75.0,ColorBurst,16,12/16 bullish,71.4,7,30,USDPHP_otc
10:50-10:55,SELL,66.7,Engulfing,15,10/15 bearish,71.4,7,5,EURGBP_otc
04:00-04:30,BUY,66.7,WickRejection,15,10/15 bullish,71.4,7,30,EURNZD_otc
17:15-17:30,BUY,73.3,LiquiditySweep,15,11/15 bullish,71.4,7,15,USDARS_otc
01:45-02:00,SELL,86.7,LiquiditySweep,15,13/15 bearish,71.4,7,15,USDDZD_otc
12:15-12:30,BUY,66.7,LiquiditySweep,15,10/15 bullish,71.4,7,15,USDEGP_otc
06:00-06:30,SELL,66.7,WickRejection,15,10/15 bearish,71.4,7,30,USDNGN_otc
02:00-02:15,SELL,66.7,LiquiditySweep,15,10/15 bearish,71.4,7,15,USDPHP_otc
07:30-07:45,BUY,73.3,InsideBarBreakout,15,11/15 bullish,71.4,7,15,USDPHP_otc
08:00-08:15,BUY,80.0,LiquiditySweep,15,12/15 bullish,71.4,7,15,USDZAR_otc
07:40-07:45,SELL,68.0,DoubleTopBottom,100,68/100 bearish,71.1,45,5,USDPKR_otc
11:00-11:05,SELL,66.2,DoubleTopBottom,77,51/77 bearish,71.0,31,5,BRLUSD_otc
14:30-15:00,BUY,75.0,LiquiditySweep,40,30/40 bullish,70.8,24,30,EURGBP_otc
10:00-11:00,SELL,72.5,ColorBurst,40,29/40 bearish,70.8,24,60,USDNGN_otc
23:00-23:15,BUY,69.2,Momentum,65,45/65 bullish,70.7,41,15,USDBDT_otc
18:25-18:30,BUY,65.2,Engulfing,23,15/23 bullish,70.6,17,5,USDDZD_otc
08:00-09:00,BUY,78.3,ColorBurst,23,18/23 bullish,70.6,17,60,USDPHP_otc
12:15-12:20,BUY,70.0,Momentum,20,14/20 bullish,70.6,17,5,USDMXN_otc
07:15-07:30,BUY,77.1,Momentum,83,64/83 bullish,70.5,44,15,USDEGP_otc
17:15-17:30,BUY,65.2,Momentum,66,43/66 bullish,70.4,27,15,USDINR_otc
02:30-02:45,BUY,66.7,Momentum,54,36/54 bullish,70.0,40,15,USDNGN_otc
05:00-05:30,BUY,65.9,LiquiditySweep,41,27/41 bullish,70.0,20,30,EURGBP_otc
16:00-16:05,SELL,67.6,Momentum,34,23/34 bearish,70.0,10,5,USDINR_otc
21:05-21:10,BUY,71.9,Heavy,32,23/32 bullish,70.0,10,5,USDBDT_otc
01:45-01:50,SELL,67.7,Momentum,31,21/31 bearish,70.0,10,5,USDINR_otc
06:20-06:25,BUY,69.0,Reversal,29,20/29 bullish,70.0,10,5,USDZAR_otc
23:15-23:20,BUY,67.9,Engulfing,28,19/28 bullish,70.0,10,5,USDIDR_otc
11:20-11:25,BUY,78.6,Momentum,28,22/28 bullish,70.0,10,5,USDMXN_otc
12:25-12:30,BUY,82.1,Momentum,28,23/28 bullish,70.0,10,5,USDPKR_otc
01:35-01:40,BUY,71.4,Momentum,28,20/28 bullish,70.0,10,5,USDZAR_otc
06:30-06:45,BUY,67.9,LiquiditySweep,28,19/28 bullish,70.0,10,15,USDZAR_otc
14:50-14:55,SELL,66.7,Heavy,27,18/27 bearish,70.0,10,5,EURGBP_otc
02:25-02:30,SELL,77.8,Momentum,27,21/27 bearish,70.0,10,5,EURGBP_otc
08:25-08:30,SELL,70.4,Momentum,27,19/27 bearish,70.0,10,5,USDEGP_otc
11:45-12:00,BUY,66.7,LiquiditySweep,27,18/27 bullish,70.0,10,15,USDIDR_otc
14:00-14:30,SELL,70.4,ColorBurst,27,19/27 bearish,70.0,10,30,USDINR_otc
10:50-10:55,BUY,77.8,Momentum,27,21/27 bullish,70.0,10,5,USDPKR_otc
18:20-18:25,BUY,65.4,Heavy,26,17/26 bullish,70.0,10,5,BRLUSD_otc
21:50-21:55,BUY,65.4,Momentum,26,17/26 bullish,70.0,10,5,BRLUSD_otc
03:35-03:40,SELL,69.2,Momentum,26,18/26 bearish,70.0,10,5,USDNGN_otc
22:50-22:55,SELL,68.0,Momentum,25,17/25 bearish,70.0,10,5,EURCAD_otc
03:45-04:00,SELL,72.0,LiquiditySweep,25,18/25 bearish,70.0,10,15,EURCAD_otc
02:15-02:30,SELL,76.0,LiquiditySweep,25,19/25 bearish,70.0,10,15,USDEGP_otc
03:10-03:15,SELL,68.0,Reversal,25,17/25 bearish,70.0,10,5,USDMXN_otc
10:45-10:50,BUY,68.0,Momentum,25,17/25 bullish,70.0,10,5,USDZAR_otc
12:50-12:55,BUY,66.7,Heavy,24,16/24 bullish,70.0,10,5,USDCOP_otc
14:45-14:50,SELL,69.6,Heavy,23,16/23 bearish,70.0,10,5,EURGBP_otc
10:45-10:50,SELL,65.2,Momentum,23,15/23 bearish,70.0,10,5,EURGBP_otc
23:15-23:20,BUY,65.2,Engulfing,23,15/23 bullish,70.0,10,5,EURUSD_otc
21:55-22:00,BUY,69.6,Heavy,23,16/23 bullish,70.0,10,5,USDCOP_otc
18:30-18:35,SELL,69.6,Engulfing,23,16/23 bearish,70.0,10,5,USDCOP_otc
02:00-02:05,BUY,65.2,Engulfing,23,15/23 bullish,70.0,10,5,USDEGP_otc
09:45-09:50,BUY,65.2,Engulfing,23,15/23 bullish,70.0,10,5,USDIDR_otc
20:15-20:30,SELL,65.2,LiquiditySweep,23,15/23 bearish,70.0,10,15,USDIDR_otc
09:35-09:40,SELL,65.2,Reversal,23,15/23 bearish,70.0,10,5,USDZAR_otc
07:00-07:05,SELL,77.3,Heavy,22,17/22 bearish,70.0,10,5,BRLUSD_otc
00:00-00:15,BUY,81.8,LiquiditySweep,22,18/22 bullish,70.0,10,15,BRLUSD_otc
10:40-10:45,SELL,68.2,Heavy,22,15/22 bearish,70.0,10,5,EURGBP_otc
17:15-17:20,SELL,77.3,Heavy,22,17/22 bearish,70.0,10,5,EURUSD_otc
16:35-16:40,BUY,68.2,Heavy,22,15/22 bullish,70.0,10,5,USDCOP_otc
22:00-22:15,SELL,68.2,LiquiditySweep,22,15/22 bearish,70.0,10,15,USDCOP_otc
18:05-18:10,BUY,72.7,Momentum,22,16/22 bullish,70.0,10,5,USDEGP_otc
10:35-10:40,SELL,68.2,Momentum,22,15/22 bearish,70.0,10,5,USDNGN_otc
22:55-23:00,BUY,71.4,Momentum,21,15/21 bullish,70.0,10,5,EURGBP_otc
00:50-00:55,BUY,66.7,Heavy,21,14/21 bullish,70.0,10,5,EURNZD_otc
10:25-10:30,BUY,66.7,Heavy,21,14/21 bullish,70.0,10,5,USDINR_otc
21:05-21:10,SELL,66.7,Momentum,21,14/21 bearish,70.0,10,5,USDMXN_otc
23:40-23:45,BUY,71.4,Momentum,21,15/21 bullish,70.0,10,5,USDMXN_otc
19:15-19:20,BUY,65.0,Engulfing,20,13/20 bullish,70.0,10,5,EURNZD_otc
03:20-03:25,BUY,70.0,Engulfing,20,14/20 bullish,70.0,10,5,USDEGP_otc
13:50-13:55,SELL,65.0,Engulfing,20,13/20 bearish,70.0,10,5,USDPHP_otc
05:30-05:35,BUY,65.0,Engulfing,20,13/20 bullish,70.0,10,5,USDZAR_otc
06:20-06:25,BUY,73.7,Engulfing,19,14/19 bullish,70.0,10,5,USDNGN_otc
16:00-16:15,BUY,68.4,LiquiditySweep,19,13/19 bullish,70.0,10,15,USDNGN_otc
00:00-00:30,BUY,72.2,WickRejection,18,13/18 bullish,70.0,10,30,BRLUSD_otc
03:45-03:50,BUY,72.2,Momentum,18,13/18 bullish,70.0,10,5,EURGBP_otc
03:10-03:15,SELL,66.7,Engulfing,18,12/18 bearish,70.0,10,5,EURGBP_otc
00:05-00:10,SELL,77.8,Momentum,18,14/18 bearish,70.0,10,5,EURUSD_otc
09:10-09:15,SELL,66.7,Heavy,18,12/18 bearish,70.0,10,5,USDEGP_otc
06:15-06:30,SELL,82.4,LiquiditySweep,17,14/17 bearish,70.0,10,15,USDCOP_otc
00:30-00:45,BUY,70.6,InsideBarBreakout,17,12/17 bullish,70.0,10,15,USDCOP_otc
00:30-01:00,BUY,94.1,ColorBurst,17,16/17 bullish,70.0,10,30,USDEGP_otc
17:15-17:30,BUY,70.6,LiquiditySweep,17,12/17 bullish,70.0,10,15,USDPHP_otc
16:30-17:00,BUY,68.8,WickRejection,16,11/16 bullish,70.0,10,30,EURGBP_otc
17:05-17:10,SELL,73.3,Engulfing,15,11/15 bearish,70.0,10,5,USDBDT_otc
18:40-18:45,BUY,73.3,Engulfing,15,11/15 bullish,70.0,10,5,USDMXN_otc
05:00-05:15,SELL,66.7,InsideBarBreakout,15,10/15 bearish,70.0,10,15,USDMXN_otc
12:00-12:30,BUY,71.7,LiquiditySweep,46,33/46 bullish,69.6,23,30,USDIDR_otc
11:30-12:00,BUY,69.2,LiquiditySweep,39,27/39 bullish,69.6,23,30,EURUSD_otc
00:00-01:00,BUY,67.5,ColorBurst,40,27/40 bullish,69.2,13,60,USDEGP_otc
10:00-10:30,SELL,68.6,LiquiditySweep,35,24/35 bearish,69.2,13,30,EURUSD_otc
11:35-11:40,SELL,75.0,Heavy,32,24/32 bearish,69.2,13,5,BRLUSD_otc
23:00-23:05,BUY,81.2,Momentum,32,26/32 bullish,69.2,13,5,EURUSD_otc
00:25-00:30,SELL,69.0,Heavy,29,20/29 bearish,69.2,13,5,EURCAD_otc
01:45-01:50,SELL,67.9,Momentum,28,19/28 bearish,69.2,13,5,EURGBP_otc
20:55-21:00,BUY,67.9,Reversal,28,19/28 bullish,69.2,13,5,EURUSD_otc
17:50-17:55,SELL,65.4,Heavy,26,17/26 bearish,69.2,13,5,USDNGN_otc
11:05-11:10,SELL,73.1,Reversal,26,19/26 bearish,69.2,13,5,USDPHP_otc
12:00-12:05,SELL,73.1,Momentum,26,19/26 bearish,69.2,13,5,USDPHP_otc
09:00-09:05,BUY,65.4,Reversal,26,17/26 bullish,69.2,13,5,USDPKR_otc
07:05-07:10,SELL,66.7,Heavy,24,16/24 bearish,69.2,13,5,USDMXN_otc
00:40-00:45,SELL,66.7,Momentum,24,16/24 bearish,69.2,13,5,USDZAR_otc
16:15-16:20,BUY,65.2,Heavy,23,15/23 bullish,69.2,13,5,USDARS_otc
05:20-05:25,SELL,65.2,Momentum,23,15/23 bearish,69.2,13,5,USDDZD_otc
12:30-12:35,BUY,65.2,Reversal,23,15/23 bullish,69.2,13,5,USDMXN_otc
08:30-08:45,BUY,65.2,LiquiditySweep,23,15/23 bullish,69.2,13,15,USDMXN_otc
15:40-15:45,BUY,82.6,Momentum,23,19/23 bullish,69.2,13,5,USDPHP_otc
20:15-20:20,BUY,69.6,Heavy,23,16/23 bullish,69.2,13,5,USDZAR_otc
09:05-09:10,BUY,72.7,Momentum,22,16/22 bullish,69.2,13,5,BRLUSD_otc
01:00-01:05,SELL,68.2,Reversal,22,15/22 bearish,69.2,13,5,USDCOP_otc
05:15-05:20,BUY,81.8,Momentum,22,18/22 bullish,69.2,13,5,USDCOP_otc
23:45-23:50,SELL,85.7,Momentum,21,18/21 bearish,69.2,13,5,USDEGP_otc
19:00-19:30,BUY,71.4,ColorBurst,21,15/21 bullish,69.2,13,30,USDINR_otc
22:10-22:15,SELL,65.0,Engulfing,20,13/20 bearish,69.2,13,5,USDDZD_otc
07:20-07:25,BUY,85.0,Momentum,20,17/20 bullish,69.2,13,5,USDEGP_otc
22:25-22:30,SELL,72.2,Momentum,18,13/18 bearish,69.2,13,5,USDBDT_otc
00:35-00:40,SELL,76.5,Heavy,17,13/17 bearish,69.2,13,5,EURUSD_otc
14:30-14:35,BUY,68.8,Heavy,16,11/16 bullish,69.2,13,5,USDEGP_otc
22:30-22:35,BUY,66.7,Momentum,15,10/15 bullish,69.2,13,5,EURGBP_otc
08:55-09:00,SELL,86.7,Momentum,15,13/15 bearish,69.2,13,5,EURNZD_otc
13:00-13:15,BUY,80.0,InsideBarBreakout,15,12/15 bullish,69.2,13,15,USDIDR_otc
14:30-14:45,SELL,67.1,Momentum,76,51/76 bearish,69.0,29,15,USDARS_otc
21:00-22:00,SELL,67.6,ColorBurst,34,23/34 bearish,68.8,16,60,USDMXN_otc
23:45-23:50,BUY,66.7,Momentum,33,22/33 bullish,68.8,16,5,EURGBP_otc
02:30-02:45,SELL,72.4,LiquiditySweep,29,21/29 bearish,68.8,16,15,EURUSD_otc
21:25-21:30,SELL,65.5,Momentum,29,19/29 bearish,68.8,16,5,USDNGN_otc
21:00-21:05,SELL,70.4,Momentum,27,19/27 bearish,68.8,16,5,USDPHP_otc
16:35-16:40,SELL,76.9,Reversal,26,20/26 bearish,68.8,16,5,BRLUSD_otc
05:55-06:00,BUY,73.1,Momentum,26,19/26 bullish,68.8,16,5,USDDZD_otc
16:45-16:50,BUY,77.3,Momentum,22,17/22 bullish,68.8,16,5,USDINR_otc
01:55-02:00,SELL,68.4,Heavy,19,13/19 bearish,68.8,16,5,USDEGP_otc
00:00-00:30,BUY,65.3,Momentum,147,96/147 bullish,68.7,67,30,USDDZD_otc
05:00-06:00,SELL,68.8,ColorBurst,48,33/48 bearish,68.4,19,60,USDIDR_otc
14:00-15:00,SELL,69.0,ColorBurst,42,29/42 bearish,68.4,19,60,USDINR_otc
20:35-20:40,SELL,70.4,Momentum,27,19/27 bearish,68.4,19,5,USDARS_otc
05:30-05:35,SELL,65.4,Momentum,26,17/26 bearish,68.4,19,5,USDIDR_otc
10:30-10:35,SELL,72.2,Momentum,18,13/18 bearish,68.4,19,5,USDNGN_otc
20:00-20:30,SELL,67.3,LiquiditySweep,55,37/55 bearish,68.2,22,30,USDMXN_otc
11:30-12:00,SELL,71.1,LiquiditySweep,38,27/38 bearish,68.2,22,30,USDPKR_otc
04:45-05:00,BUY,69.2,Momentum,78,54/78 bullish,68.0,25,15,USDPKR_otc
01:15-01:30,BUY,69.1,Momentum,55,38/55 bullish,68.0,25,15,USDCOP_otc
13:00-13:15,BUY,67.5,Momentum,77,52/77 bullish,67.9,28,15,EURNZD_otc
02:30-02:45,SELL,75.7,Momentum,70,53/70 bearish,67.9,28,15,USDEGP_otc
04:30-04:45,BUY,67.9,Momentum,53,36/53 bullish,67.9,28,15,USDIDR_otc
17:45-18:00,SELL,68.6,Momentum,86,59/86 bearish,67.7,31,15,USDNGN_otc
01:15-01:30,BUY,67.5,Heavy,80,54/80 bullish,67.7,31,15,EURGBP_otc
21:25-21:30,SELL,68.5,DoubleTopBottom,73,50/73 bearish,66.7,30,5,BRLUSD_otc
15:00-15:15,SELL,68.5,Momentum,54,37/54 bearish,66.7,27,15,EURGBP_otc
19:00-19:30,BUY,68.6,LiquiditySweep,51,35/51 bullish,66.7,9,30,USDIDR_otc
04:00-05:00,BUY,66.7,ColorBurst,48,32/48 bullish,66.7,15,60,EURNZD_otc
15:30-16:00,SELL,66.7,LiquiditySweep,45,30/45 bearish,66.7,12,30,EURNZD_otc
02:00-03:00,SELL,69.0,ColorBurst,42,29/42 bearish,66.7,21,60,USDIDR_otc
17:00-17:30,BUY,80.0,LiquiditySweep,40,32/40 bullish,66.7,27,30,EURNZD_otc
00:00-00:30,BUY,76.9,LiquiditySweep,39,30/39 bullish,66.7,15,30,BRLUSD_otc
16:00-16:30,BUY,69.2,LiquiditySweep,39,27/39 bullish,66.7,18,30,USDNGN_otc
03:15-03:20,BUY,69.4,Momentum,36,25/36 bullish,66.7,12,5,USDARS_otc
17:50-17:55,BUY,68.6,Momentum,35,24/35 bullish,66.7,6,5,USDARS_otc
23:20-23:25,SELL,65.7,Momentum,35,23/35 bearish,66.7,9,5,USDDZD_otc
22:00-22:30,SELL,71.4,LiquiditySweep,35,25/35 bearish,66.7,15,30,USDINR_otc
17:45-17:50,SELL,68.6,Momentum,35,24/35 bearish,66.7,9,5,USDNGN_otc
18:05-18:10,BUY,77.1,Momentum,35,27/35 bullish,66.7,6,5,USDPKR_otc
02:35-02:40,BUY,66.7,Momentum,33,22/33 bullish,66.7,12,5,USDARS_otc
05:30-06:00,BUY,71.9,InsideBarBreakout,32,23/32 bullish,66.7,15,30,BRLUSD_otc
04:25-04:30,BUY,71.9,Heavy,32,23/32 bullish,66.7,9,5,USDIDR_otc
05:55-06:00,SELL,65.6,Momentum,32,21/32 bearish,66.7,6,5,USDPHP_otc
03:35-03:40,SELL,65.6,Momentum,32,21/32 bearish,66.7,12,5,USDZAR_otc
18:30-19:00,BUY,67.7,LiquiditySweep,31,21/31 bullish,66.7,12,30,EURCAD_otc
16:40-16:45,BUY,67.7,Momentum,31,21/31 bullish,66.7,9,5,EURGBP_otc
04:30-05:00,BUY,71.0,InsideBarBreakout,31,22/31 bullish,66.7,15,30,EURNZD_otc
18:40-18:45,BUY,80.6,Momentum,31,25/31 bullish,66.7,6,5,USDNGN_otc
07:20-07:25,SELL,66.7,Momentum,30,20/30 bearish,66.7,9,5,EURCAD_otc
22:40-22:45,SELL,73.3,Momentum,30,22/30 bearish,66.7,9,5,EURNZD_otc
18:00-19:00,BUY,70.0,ColorBurst,30,21/30 bullish,66.7,15,60,USDDZD_otc
08:40-08:45,BUY,76.7,Momentum,30,23/30 bullish,66.7,9,5,USDEGP_otc
08:40-08:45,BUY,83.3,Momentum,30,25/30 bullish,66.7,12,5,USDINR_otc
16:10-16:15,SELL,66.7,Momentum,30,20/30 bearish,66.7,15,5,USDNGN_otc
21:00-21:05,SELL,70.0,Momentum,30,21/30 bearish,66.7,12,5,USDZAR_otc
18:30-18:35,SELL,69.0,Momentum,29,20/29 bearish,66.7,9,5,BRLUSD_otc
05:55-06:00,BUY,69.0,Momentum,29,20/29 bullish,66.7,9,5,EURGBP_otc
17:15-17:20,SELL,65.5,Momentum,29,19/29 bearish,66.7,9,5,USDARS_otc
21:05-21:10,BUY,75.9,Engulfing,29,22/29 bullish,66.7,6,5,USDBDT_otc
05:10-05:15,SELL,79.3,Momentum,29,23/29 bearish,66.7,9,5,USDEGP_otc
10:30-11:00,SELL,65.5,InsideBarBreakout,29,19/29 bearish,66.7,6,30,USDEGP_otc
12:00-13:00,BUY,65.5,ColorBurst,29,19/29 bullish,66.7,9,60,USDEGP_otc
14:00-15:00,BUY,72.4,ColorBurst,29,21/29 bullish,66.7,15,60,USDNGN_otc
03:10-03:15,BUY,67.9,Reversal,28,19/28 bullish,66.7,9,5,USDCOP_otc
11:15-11:20,BUY,67.9,Reversal,28,19/28 bullish,66.7,12,5,USDMXN_otc
09:50-09:55,SELL,71.4,Momentum,28,20/28 bearish,66.7,12,5,USDMXN_otc
08:20-08:25,SELL,67.9,Momentum,28,19/28 bearish,66.7,12,5,USDPKR_otc
03:35-03:40,BUY,70.4,Engulfing,27,19/27 bullish,66.7,6,5,EURCAD_otc
04:00-04:30,BUY,66.7,ColorBurst,27,18/27 bullish,66.7,6,30,EURCAD_otc
16:00-16:30,SELL,74.1,ColorBurst,27,20/27 bearish,66.7,6,30,EURUSD_otc
01:10-01:15,SELL,81.5,Momentum,27,22/27 bearish,66.7,12,5,USDARS_otc
09:45-09:50,SELL,70.4,Reversal,27,19/27 bearish,66.7,9,5,USDBDT_otc
19:25-19:30,BUY,70.4,Momentum,27,19/27 bullish,66.7,15,5,USDBDT_otc
17:00-17:05,BUY,70.4,Momentum,27,19/27 bullish,66.7,12,5,USDDZD_otc
03:35-03:40,BUY,70.4,Heavy,27,19/27 bullish,66.7,9,5,USDIDR_otc
05:30-05:35,SELL,66.7,Momentum,27,18/27 bearish,66.7,12,5,USDNGN_otc
11:40-11:45,BUY,66.7,Heavy,27,18/27 bullish,66.7,15,5,USDPKR_otc
05:30-05:45,SELL,74.1,LiquiditySweep,27,20/27 bearish,66.7,9,15,USDZAR_otc
23:35-23:40,BUY,65.4,Engulfing,26,17/26 bullish,66.7,6,5,BRLUSD_otc
06:35-06:40,BUY,69.2,Reversal,26,18/26 bullish,66.7,12,5,EURGBP_otc
19:15-19:20,BUY,73.1,Momentum,26,19/26 bullish,66.7,9,5,EURGBP_otc
10:00-11:00,SELL,65.4,ColorBurst,26,17/26 bearish,66.7,18,60,EURNZD_otc
08:10-08:15,SELL,69.2,Momentum,26,18/26 bearish,66.7,9,5,EURUSD_otc
13:00-13:05,BUY,65.4,Momentum,26,17/26 bullish,66.7,6,5,EURUSD_otc
03:45-04:00,SELL,69.2,LiquiditySweep,26,18/26 bearish,66.7,6,15,USDBDT_otc
07:30-07:35,BUY,76.9,Momentum,26,20/26 bullish,66.7,6,5,USDCOP_otc
05:50-05:55,SELL,65.4,Heavy,26,17/26 bearish,66.7,6,5,USDEGP_otc
05:15-05:20,BUY,65.4,Heavy,26,17/26 bullish,66.7,9,5,USDIDR_otc
06:00-06:05,SELL,73.1,Momentum,26,19/26 bearish,66.7,6,5,USDIDR_otc
19:45-19:50,BUY,65.4,Reversal,26,17/26 bullish,66.7,12,5,USDPHP_otc
11:30-11:35,SELL,65.4,Reversal,26,17/26 bearish,66.7,9,5,USDPHP_otc
09:15-09:30,SELL,65.4,LiquiditySweep,26,17/26 bearish,66.7,9,15,USDPKR_otc
07:20-07:25,SELL,65.4,Heavy,26,17/26 bearish,66.7,6,5,USDZAR_otc
17:15-17:20,SELL,68.0,Momentum,25,17/25 bearish,66.7,6,5,EURUSD_otc
10:50-10:55,BUY,68.0,Engulfing,25,17/25 bullish,66.7,6,5,USDARS_otc
20:45-20:50,SELL,68.0,Engulfing,25,17/25 bearish,66.7,12,5,USDIDR_otc
03:00-03:30,BUY,72.0,ColorBurst,25,18/25 bullish,66.7,6,30,USDMXN_otc
12:25-12:30,SELL,68.0,Momentum,25,17/25 bearish,66.7,12,5,USDNGN_otc
02:35-02:40,BUY,68.0,Momentum,25,17/25 bullish,66.7,12,5,USDPHP_otc
12:10-12:15,SELL,75.0,Momentum,24,18/24 bearish,66.7,12,5,EURCAD_otc
03:20-03:25,BUY,66.7,Engulfing,24,16/24 bullish,66.7,6,5,EURNZD_otc
23:45-00:00,BUY,70.8,LiquiditySweep,24,17/24 bullish,66.7,6,15,EURUSD_otc
07:50-07:55,SELL,66.7,Heavy,24,16/24 bearish,66.7,12,5,USDBDT_otc
02:30-02:35,SELL,66.7,Heavy,24,16/24 bearish,66.7,15,5,USDCOP_otc
06:50-06:55,SELL,66.7,Reversal,24,16/24 bearish,66.7,9,5,USDDZD_otc
23:45-23:50,SELL,66.7,Heavy,24,16/24 bearish,66.7,9,5,USDEGP_otc
00:30-00:45,BUY,66.7,LiquiditySweep,24,16/24 bullish,66.7,9,15,USDIDR_otc
06:15-06:20,SELL,66.7,Momentum,24,16/24 bearish,66.7,9,5,USDMXN_otc
06:40-06:45,BUY,66.7,Reversal,24,16/24 bullish,66.7,12,5,USDNGN_otc
13:10-13:15,SELL,66.7,Engulfing,24,16/24 bearish,66.7,9,5,USDNGN_otc
13:30-13:35,SELL,75.0,Momentum,24,18/24 bearish,66.7,6,5,USDPKR_otc
10:05-10:10,BUY,66.7,Engulfing,24,16/24 bullish,66.7,6,5,USDZAR_otc
18:20-18:25,BUY,65.2,Engulfing,23,15/23 bullish,66.7,15,5,BRLUSD_otc
08:35-08:40,BUY,65.2,Heavy,23,15/23 bullish,66.7,6,5,EURGBP_otc
02:35-02:40,BUY,65.2,Reversal,23,15/23 bullish,66.7,15,5,EURGBP_otc
22:35-22:40,SELL,69.6,Momentum,23,16/23 bearish,66.7,6,5,EURNZD_otc
21:00-21:30,SELL,73.9,ColorBurst,23,17/23 bearish,66.7,12,30,EURNZD_otc
14:15-14:20,SELL,82.6,Momentum,23,19/23 bearish,66.7,6,5,EURUSD_otc
00:15-00:30,BUY,73.9,LiquiditySweep,23,17/23 bullish,66.7,9,15,USDARS_otc
00:00-00:30,SELL,73.9,ColorBurst,23,17/23 bearish,66.7,12,30,USDARS_otc
17:00-17:30,SELL,69.6,ColorBurst,23,16/23 bearish,66.7,6,30,USDARS_otc
17:35-17:40,BUY,65.2,Reversal,23,15/23 bullish,66.7,12,5,USDBDT_otc
15:20-15:25,SELL,69.6,Momentum,23,16/23 bearish,66.7,9,5,USDDZD_otc
04:50-04:55,BUY,65.2,Heavy,23,15/23 bullish,66.7,6,5,USDEGP_otc
08:40-08:45,BUY,65.2,Heavy,23,15/23 bullish,66.7,9,5,USDEGP_otc
02:35-02:40,SELL,65.2,Momentum,23,15/23 bearish,66.7,9,5,USDIDR_otc
05:55-06:00,SELL,78.3,Momentum,23,18/23 bearish,66.7,9,5,USDIDR_otc
11:00-11:15,SELL,69.6,InsideBarBreakout,23,16/23 bearish,66.7,6,15,USDIDR_otc
21:00-21:15,BUY,65.2,LiquiditySweep,23,15/23 bullish,66.7,6,15,USDINR_otc
12:25-12:30,BUY,69.6,Reversal,23,16/23 bullish,66.7,12,5,USDPHP_otc
23:30-23:45,BUY,65.2,LiquiditySweep,23,15/23 bullish,66.7,9,15,USDPHP_otc
10:55-11:00,SELL,65.2,Momentum,23,15/23 bearish,66.7,9,5,USDPKR_otc
14:30-15:00,SELL,65.2,WickRejection,23,15/23 bearish,66.7,6,30,USDPKR_otc
03:05-03:10,SELL,72.7,Momentum,22,16/22 bearish,66.7,9,5,BRLUSD_otc
19:40-19:45,BUY,68.2,Momentum,22,15/22 bullish,66.7,6,5,BRLUSD_otc
18:50-18:55,SELL,68.2,Heavy,22,15/22 bearish,66.7,9,5,EURCAD_otc
05:25-05:30,BUY,68.2,Engulfing,22,15/22 bullish,66.7,6,5,EURCAD_otc
08:00-08:05,SELL,77.3,Heavy,22,17/22 bearish,66.7,12,5,EURGBP_otc
12:30-13:00,BUY,68.2,ColorBurst,22,15/22 bullish,66.7,9,30,EURGBP_otc
11:25-11:30,BUY,68.2,Momentum,22,15/22 bullish,66.7,12,5,EURNZD_otc
22:30-22:45,SELL,72.7,LiquiditySweep,22,16/22 bearish,66.7,6,15,USDCOP_otc
09:40-09:45,BUY,72.7,Engulfing,22,16/22 bullish,66.7,12,5,USDDZD_otc
19:35-19:40,BUY,68.2,Engulfing,22,15/22 bullish,66.7,6,5,USDINR_otc
15:20-15:25,BUY,90.9,Momentum,22,20/22 bullish,66.7,9,5,USDMXN_otc
10:00-10:05,BUY,71.4,Reversal,21,15/21 bullish,66.7,12,5,BRLUSD_otc
17:45-18:00,BUY,76.2,InsideBarBreakout,21,16/21 bullish,66.7,6,15,BRLUSD_otc
16:00-16:30,BUY,71.4,WickRejection,21,15/21 bullish,66.7,6,30,EURCAD_otc
12:05-12:10,BUY,66.7,Heavy,21,14/21 bullish,66.7,12,5,EURGBP_otc
09:45-10:00,SELL,76.2,LiquiditySweep,21,16/21 bearish,66.7,6,15,EURGBP_otc
12:00-12:15,SELL,66.7,LiquiditySweep,21,14/21 bearish,66.7,12,15,EURNZD_otc
14:35-14:40,SELL,66.7,Heavy,21,14/21 bearish,66.7,9,5,EURUSD_otc
16:50-16:55,BUY,76.2,Momentum,21,16/21 bullish,66.7,12,5,USDBDT_otc
23:05-23:10,BUY,81.0,Momentum,21,17/21 bullish,66.7,9,5,USDBDT_otc
07:45-08:00,BUY,71.4,LiquiditySweep,21,15/21 bullish,66.7,6,15,USDBDT_otc
22:30-23:00,BUY,76.2,InsideBarBreakout,21,16/21 bullish,66.7,9,30,USDIDR_otc
17:35-17:40,SELL,66.7,Momentum,21,14/21 bearish,66.7,6,5,USDINR_otc
02:05-02:10,BUY,71.4,Momentum,21,15/21 bullish,66.7,9,5,USDMXN_otc
09:55-10:00,SELL,71.4,Momentum,21,15/21 bearish,66.7,6,5,USDMXN_otc
17:15-17:20,BUY,76.2,Momentum,21,16/21 bullish,66.7,9,5,USDMXN_otc
23:50-23:55,BUY,66.7,Heavy,21,14/21 bullish,66.7,9,5,USDNGN_otc
04:40-04:45,BUY,71.4,Engulfing,21,15/21 bullish,66.7,6,5,USDNGN_otc
18:20-18:25,BUY,76.2,Heavy,21,16/21 bullish,66.7,12,5,USDPHP_otc
16:30-16:35,BUY,76.2,Reversal,21,16/21 bullish,66.7,9,5,USDPHP_otc
06:00-06:05,SELL,76.2,Momentum,21,16/21 bearish,66.7,15,5,USDPKR_otc
00:45-00:50,SELL,66.7,Engulfing,21,14/21 bearish,66.7,9,5,USDZAR_otc
08:45-08:50,BUY,66.7,Engulfing,21,14/21 bullish,66.7,9,5,USDZAR_otc
11:55-12:00,SELL,65.0,Heavy,20,13/20 bearish,66.7,9,5,BRLUSD_otc
13:20-13:25,BUY,65.0,Heavy,20,13/20 bullish,66.7,9,5,EURCAD_otc
02:30-02:45,SELL,65.0,LiquiditySweep,20,13/20 bearish,66.7,12,15,EURCAD_otc
09:40-09:45,BUY,70.0,Engulfing,20,14/20 bullish,66.7,9,5,EURGBP_otc
22:30-23:00,BUY,65.0,InsideBarBreakout,20,13/20 bullish,66.7,12,30,EURGBP_otc
04:25-04:30,SELL,70.0,Heavy,20,14/20 bearish,66.7,9,5,EURNZD_otc
10:45-10:50,BUY,70.0,Engulfing,20,14/20 bullish,66.7,6,5,EURNZD_otc
10:00-10:15,SELL,65.0,LiquiditySweep,20,13/20 bearish,66.7,9,15,EURUSD_otc
10:35-10:40,BUY,75.0,Heavy,20,15/20 bullish,66.7,6,5,USDARS_otc
05:10-05:15,BUY,70.0,Heavy,20,14/20 bullish,66.7,9,5,USDBDT_otc
09:20-09:25,BUY,65.0,Momentum,20,13/20 bullish,66.7,9,5,USDCOP_otc
09:40-09:45,BUY,65.0,Engulfing,20,13/20 bullish,66.7,12,5,USDCOP_otc
07:45-07:50,BUY,65.0,Engulfing,20,13/20 bullish,66.7,9,5,USDCOP_otc
15:35-15:40,SELL,70.0,Heavy,20,14/20 bearish,66.7,6,5,USDDZD_otc
21:50-21:55,BUY,75.0,Engulfing,20,15/20 bullish,66.7,6,5,USDEGP_otc
06:00-06:30,SELL,65.0,WickRejection,20,13/20 bearish,66.7,6,30,USDIDR_otc
07:35-07:40,BUY,70.0,Engulfing,20,14/20 bullish,66.7,9,5,USDINR_otc
22:50-22:55,SELL,65.0,Heavy,20,13/20 bearish,66.7,12,5,USDNGN_otc
04:25-04:30,SELL,80.0,Momentum,20,16/20 bearish,66.7,6,5,USDNGN_otc
13:45-14:00,BUY,65.0,LiquiditySweep,20,13/20 bullish,66.7,6,15,USDNGN_otc
22:55-23:00,BUY,65.0,Heavy,20,13/20 bullish,66.7,9,5,USDPHP_otc
20:45-21:00,SELL,65.0,LiquiditySweep,20,13/20 bearish,66.7,6,15,USDPHP_otc
13:15-13:30,BUY,65.0,LiquiditySweep,20,13/20 bullish,66.7,9,15,USDZAR_otc
00:30-00:35,SELL,68.4,Engulfing,19,13/19 bearish,66.7,9,5,BRLUSD_otc
09:30-09:35,SELL,78.9,Momentum,19,15/19 bearish,66.7,9,5,EURNZD_otc
10:00-10:15,BUY,68.4,LiquiditySweep,19,13/19 bullish,66.7,6,15,USDCOP_otc
09:15-09:30,BUY,68.4,InsideBarBreakout,19,13/19 bullish,66.7,6,15,USDCOP_otc
19:45-20:00,BUY,68.4,InsideBarBreakout,19,13/19 bullish,66.7,6,15,USDIDR_otc
06:15-06:30,SELL,73.7,LiquiditySweep,19,14/19 bearish,66.7,6,15,USDINR_otc
20:40-20:45,SELL,73.7,Momentum,19,14/19 bearish,66.7,9,5,USDPHP_otc
05:50-05:55,SELL,68.4,Engulfing,19,13/19 bearish,66.7,6,5,USDPHP_otc
10:35-10:40,SELL,78.9,Engulfing,19,15/19 bearish,66.7,9,5,USDPHP_otc
04:05-04:10,BUY,68.4,Heavy,19,13/19 bullish,66.7,12,5,USDPKR_otc
01:50-01:55,SELL,68.4,Engulfing,19,13/19 bearish,66.7,9,5,USDZAR_otc
14:20-14:25,SELL,72.2,Engulfing,18,13/18 bearish,66.7,12,5,EURGBP_otc
03:45-04:00,BUY,66.7,InsideBarBreakout,18,12/18 bullish,66.7,6,15,EURGBP_otc
06:10-06:15,BUY,66.7,Engulfing,18,12/18 bullish,66.7,9,5,EURNZD_otc
21:50-21:55,BUY,66.7,Heavy,18,12/18 bullish,66.7,6,5,EURUSD_otc
16:40-16:45,SELL,72.2,Engulfing,18,13/18 bearish,66.7,9,5,USDARS_otc
04:50-04:55,SELL,83.3,Engulfing,18,15/18 bearish,66.7,9,5,USDARS_otc
09:30-10:00,BUY,88.9,ColorBurst,18,16/18 bullish,66.7,12,30,USDBDT_otc
01:30-01:45,BUY,66.7,LiquiditySweep,18,12/18 bullish,66.7,6,15,USDDZD_otc
05:50-05:55,SELL,66.7,Momentum,18,12/18 bearish,66.7,15,5,USDEGP_otc
04:15-04:30,SELL,66.7,LiquiditySweep,18,12/18 bearish,66.7,9,15,USDIDR_otc
05:15-05:30,SELL,72.2,LiquiditySweep,18,13/18 bearish,66.7,6,15,USDIDR_otc
12:15-12:20,SELL,72.2,Heavy,18,13/18 bearish,66.7,12,5,USDINR_otc
23:45-23:50,SELL,66.7,Engulfing,18,12/18 bearish,66.7,9,5,USDINR_otc
06:00-06:30,SELL,77.8,WickRejection,18,14/18 bearish,66.7,9,30,USDINR_otc
15:45-15:50,SELL,66.7,Heavy,18,12/18 bearish,66.7,9,5,USDMXN_otc
02:35-02:40,BUY,66.7,Heavy,18,12/18 bullish,66.7,6,5,USDZAR_otc
02:15-02:30,BUY,66.7,LiquiditySweep,18,12/18 bullish,66.7,6,15,USDZAR_otc
22:00-22:15,SELL,66.7,LiquiditySweep,18,12/18 bearish,66.7,6,15,USDZAR_otc
01:00-01:15,BUY,70.6,LiquiditySweep,17,12/17 bullish,66.7,9,15,EURGBP_otc
16:30-16:45,BUY,76.5,InsideBarBreakout,17,13/17 bullish,66.7,6,15,EURUSD_otc
04:45-04:50,SELL,82.4,Heavy,17,14/17 bearish,66.7,9,5,USDINR_otc
14:15-14:30,BUY,76.5,LiquiditySweep,17,13/17 bullish,66.7,9,15,USDMXN_otc
23:30-00:00,SELL,70.6,ColorBurst,17,12/17 bearish,66.7,6,30,USDNGN_otc
12:30-12:45,SELL,76.5,LiquiditySweep,17,13/17 bearish,66.7,9,15,USDPKR_otc
01:00-01:05,BUY,68.8,Engulfing,16,11/16 bullish,66.7,6,5,EURGBP_otc
07:25-07:30,SELL,68.8,Momentum,16,11/16 bearish,66.7,6,5,EURUSD_otc
16:30-16:45,BUY,81.2,LiquiditySweep,16,13/16 bullish,66.7,6,15,EURUSD_otc
18:20-18:25,SELL,68.8,Momentum,16,11/16 bearish,66.7,15,5,USDDZD_otc
14:30-14:45,SELL,68.8,LiquiditySweep,16,11/16 bearish,66.7,9,15,USDDZD_otc
14:40-14:45,BUY,68.8,Heavy,16,11/16 bullish,66.7,12,5,USDIDR_otc
19:00-19:15,BUY,81.2,InsideBarBreakout,16,13/16 bullish,66.7,6,15,USDNGN_otc
20:45-21:00,BUY,75.0,InsideBarBreakout,16,12/16 bullish,66.7,9,15,USDNGN_otc
10:20-10:25,BUY,68.8,Engulfing,16,11/16 bullish,66.7,12,5,USDPKR_otc
19:15-19:30,SELL,66.7,WickRejection,15,10/15 bearish,66.7,6,15,EURCAD_otc
14:00-15:00,BUY,93.3,RSIExtreme,15,14/15 bullish,66.7,6,60,EURGBP_otc
23:15-23:30,SELL,80.0,InsideBarBreakout,15,12/15 bearish,66.7,9,15,EURUSD_otc
23:45-00:00,BUY,66.7,LiquiditySweep,15,10/15 bullish,66.7,9,15,USDARS_otc
10:30-10:45,BUY,66.7,InsideBarBreakout,15,10/15 bullish,66.7,6,15,USDBDT_otc
23:30-00:00,SELL,80.0,WickRejection,15,12/15 bearish,66.7,6,30,USDBDT_otc
13:30-13:35,BUY,66.7,Engulfing,15,10/15 bullish,66.7,6,5,USDCOP_otc
15:10-15:15,BUY,73.3,Engulfing,15,11/15 bullish,66.7,6,5,USDEGP_otc
13:00-13:05,BUY,66.7,Heavy,15,10/15 bullish,66.7,12,5,USDIDR_otc
18:15-18:20,BUY,66.7,Momentum,15,10/15 bullish,66.7,6,5,USDIDR_otc
06:20-06:25,BUY,66.7,Engulfing,15,10/15 bullish,66.7,12,5,USDINR_otc
14:30-15:00,SELL,66.7,ColorBurst,15,10/15 bearish,66.7,9,30,USDINR_otc
13:20-13:25,BUY,66.7,Engulfing,15,10/15 bullish,66.7,9,5,USDMXN_otc
05:00-05:15,BUY,73.3,InsideBarBreakout,15,11/15 bullish,66.7,6,15,USDNGN_otc
15:15-15:30,SELL,66.2,Momentum,80,53/80 bearish,65.9,44,15,USDEGP_otc
12:00-13:00,SELL,65.4,LiquiditySweep,81,53/81 bearish,65.7,35,60,USDNGN_otc
04:15-04:30,BUY,65.7,Momentum,70,46/70 bullish,65.7,35,15,USDPHP_otc
23:00-00:00,SELL,68.7,InsideBarBreakout,67,46/67 bearish,65.5,29,60,EURUSD_otc
22:45-23:00,SELL,69.0,Momentum,71,49/71 bearish,65.4,26,15,EURUSD_otc
06:30-07:00,SELL,65.9,LiquiditySweep,44,29/44 bearish,65.2,23,30,USDARS_otc
17:45-18:00,BUY,66.7,Momentum,57,38/57 bullish,65.0,20,15,EURUSD_otc
03:10-03:15,BUY,68.0,Momentum,25,17/25 bullish,65.0,20,5,EURUSD_otc
23:45-00:00,BUY,65.4,Momentum,81,53/81 bullish,64.7,34,15,USDMXN_otc
03:30-04:00,SELL,65.4,LiquiditySweep,52,34/52 bearish,64.7,17,30,EURCAD_otc
18:30-19:00,SELL,65.9,LiquiditySweep,41,27/41 bearish,64.7,17,30,USDARS_otc
02:00-02:30,SELL,70.7,LiquiditySweep,41,29/41 bearish,64.7,17,30,USDEGP_otc
21:00-21:30,SELL,67.6,LiquiditySweep,37,25/37 bearish,64.7,17,30,USDBDT_otc
21:00-22:00,SELL,70.6,ColorBurst,34,24/34 bearish,64.7,17,60,USDNGN_otc
23:10-23:15,BUY,73.3,Momentum,30,22/30 bullish,64.7,17,5,USDBDT_otc
05:15-05:20,SELL,65.5,Momentum,29,19/29 bearish,64.7,17,5,EURGBP_otc
06:00-06:30,BUY,65.5,InsideBarBreakout,29,19/29 bullish,64.7,17,30,USDARS_otc
03:20-03:25,SELL,65.4,Momentum,26,17/26 bearish,64.7,17,5,USDARS_otc
03:30-03:35,BUY,65.4,Momentum,26,17/26 bullish,64.7,17,5,USDINR_otc
14:00-15:00,BUY,68.0,ColorBurst,25,17/25 bullish,64.7,17,60,USDCOP_otc
10:30-10:35,BUY,66.7,Momentum,18,12/18 bullish,64.7,17,5,USDCOP_otc
14:30-14:45,BUY,67.3,Momentum,55,37/55 bullish,64.5,31,15,USDEGP_otc
18:25-18:30,SELL,80.0,Momentum,35,28/35 bearish,64.3,14,5,USDINR_otc
19:20-19:25,SELL,70.6,Momentum,34,24/34 bearish,64.3,14,5,USDEGP_otc
02:00-02:30,BUY,69.7,LiquiditySweep,33,23/33 bullish,64.3,14,30,USDPKR_otc
13:55-14:00,BUY,65.5,Heavy,29,19/29 bullish,64.3,14,5,EURNZD_otc
10:35-10:40,BUY,75.9,Momentum,29,22/29 bullish,64.3,14,5,USDARS_otc
11:05-11:10,SELL,74.1,Heavy,27,20/27 bearish,64.3,14,5,USDCOP_otc
15:35-15:40,BUY,65.4,Reversal,26,17/26 bullish,64.3,14,5,EURCAD_otc
05:30-05:35,SELL,69.2,Heavy,26,18/26 bearish,64.3,14,5,USDIDR_otc
23:30-23:35,SELL,68.0,Heavy,25,17/25 bearish,64.3,14,5,EURUSD_otc
05:05-05:10,SELL,68.0,Reversal,25,17/25 bearish,64.3,14,5,USDBDT_otc
11:55-12:00,SELL,68.0,Reversal,25,17/25 bearish,64.3,14,5,USDPHP_otc
07:35-07:40,SELL,70.8,Reversal,24,17/24 bearish,64.3,14,5,USDIDR_otc
15:55-16:00,BUY,73.9,Momentum,23,17/23 bullish,64.3,14,5,EURCAD_otc
23:00-23:05,SELL,65.2,Reversal,23,15/23 bearish,64.3,14,5,EURGBP_otc
16:00-16:05,BUY,65.2,Heavy,23,15/23 bullish,64.3,14,5,EURNZD_otc
09:55-10:00,SELL,65.2,Momentum,23,15/23 bearish,64.3,14,5,USDBDT_otc
04:15-04:20,SELL,76.2,Momentum,21,16/21 bearish,64.3,14,5,EURGBP_otc
15:35-15:40,SELL,70.0,Heavy,20,14/20 bearish,64.3,14,5,USDZAR_otc
22:50-22:55,BUY,72.2,Heavy,18,13/18 bullish,64.3,14,5,USDBDT_otc
14:25-14:30,BUY,83.3,Momentum,18,15/18 bullish,64.3,14,5,USDDZD_otc
16:20-16:25,SELL,70.6,Heavy,17,12/17 bearish,64.3,14,5,BRLUSD_otc
17:00-17:30,BUY,73.3,WickRejection,15,11/15 bullish,64.3,14,30,USDNGN_otc
01:45-02:00,BUY,69.0,Momentum,71,49/71 bullish,64.1,39,15,EURUSD_otc
03:00-03:15,BUY,65.7,Heavy,67,44/67 bullish,64.0,25,15,USDDZD_otc
00:45-01:00,SELL,70.4,Momentum,71,50/71 bearish,63.6,33,15,EURNZD_otc
21:15-21:30,SELL,69.6,Momentum,69,48/69 bearish,63.6,33,15,BRLUSD_otc
06:15-06:30,BUY,75.0,Heavy,56,42/56 bullish,63.6,33,15,USDINR_otc
22:00-23:00,BUY,71.1,ColorBurst,45,32/45 bullish,63.6,11,60,USDCOP_otc
10:30-11:00,SELL,71.8,LiquiditySweep,39,28/39 bearish,63.6,22,30,USDIDR_otc
21:30-22:00,SELL,69.4,LiquiditySweep,36,25/36 bearish,63.6,22,30,EURNZD_otc
01:50-01:55,BUY,69.4,Momentum,36,25/36 bullish,63.6,11,5,USDDZD_otc
20:00-20:30,BUY,73.5,InsideBarBreakout,34,25/34 bullish,63.6,11,30,USDEGP_otc
03:00-03:05,BUY,65.6,Momentum,32,21/32 bullish,63.6,11,5,USDCOP_otc
23:20-23:25,BUY,65.6,Momentum,32,21/32 bullish,63.6,11,5,USDCOP_otc
22:45-22:50,SELL,68.8,Momentum,32,22/32 bearish,63.6,11,5,USDDZD_otc
03:55-04:00,BUY,71.0,Momentum,31,22/31 bullish,63.6,11,5,EURGBP_otc
21:10-21:15,BUY,73.3,Momentum,30,22/30 bullish,63.6,11,5,EURUSD_otc
16:15-16:20,BUY,69.0,Reversal,29,20/29 bullish,63.6,11,5,USDDZD_otc
05:20-05:25,BUY,75.9,Reversal,29,22/29 bullish,63.6,11,5,USDZAR_otc
16:10-16:15,BUY,70.4,Momentum,27,19/27 bullish,63.6,11,5,USDBDT_otc
16:20-16:25,BUY,65.4,Reversal,26,17/26 bullish,63.6,11,5,EURCAD_otc
00:40-00:45,BUY,69.2,Heavy,26,18/26 bullish,63.6,11,5,USDCOP_otc
06:20-06:25,BUY,69.2,Heavy,26,18/26 bullish,63.6,11,5,USDDZD_otc
23:35-23:40,BUY,65.4,Momentum,26,17/26 bullish,63.6,11,5,USDPKR_otc
04:30-04:35,BUY,76.0,Reversal,25,19/25 bullish,63.6,11,5,EURNZD_otc
11:20-11:25,BUY,80.0,Momentum,25,20/25 bullish,63.6,11,5,USDDZD_otc
01:10-01:15,SELL,72.0,Engulfing,25,18/25 bearish,63.6,11,5,USDPHP_otc
12:15-12:20,SELL,68.0,Heavy,25,17/25 bearish,63.6,11,5,USDZAR_otc
02:55-03:00,SELL,87.5,Heavy,24,21/24 bearish,63.6,11,5,BRLUSD_otc
08:00-08:05,SELL,66.7,Momentum,24,16/24 bearish,63.6,11,5,EURGBP_otc
08:30-08:45,BUY,79.2,LiquiditySweep,24,19/24 bullish,63.6,11,15,USDEGP_otc
17:30-17:45,SELL,79.2,LiquiditySweep,24,19/24 bearish,63.6,11,15,USDIDR_otc
11:40-11:45,BUY,66.7,Momentum,24,16/24 bullish,63.6,11,5,USDMXN_otc
03:20-03:25,SELL,65.2,Reversal,23,15/23 bearish,63.6,11,5,EURCAD_otc
17:05-17:10,SELL,73.9,Reversal,23,17/23 bearish,63.6,11,5,EURUSD_otc
19:25-19:30,BUY,73.9,Reversal,23,17/23 bullish,63.6,11,5,USDDZD_otc
15:00-15:30,SELL,73.9,ColorBurst,23,17/23 bearish,63.6,11,30,USDEGP_otc
01:25-01:30,SELL,65.2,Engulfing,23,15/23 bearish,63.6,11,5,USDIDR_otc
13:20-13:25,BUY,69.6,Momentum,23,16/23 bullish,63.6,11,5,USDPHP_otc
21:45-21:50,BUY,72.7,Momentum,22,16/22 bullish,63.6,11,5,EURGBP_otc
21:15-21:30,BUY,90.9,LiquiditySweep,22,20/22 bullish,63.6,11,15,USDARS_otc
20:50-20:55,SELL,68.2,Reversal,22,15/22 bearish,63.6,11,5,USDDZD_otc
10:30-10:35,SELL,77.3,Momentum,22,17/22 bearish,63.6,11,5,USDDZD_otc
13:15-13:20,SELL,72.7,Heavy,22,16/22 bearish,63.6,11,5,USDIDR_otc
01:00-01:05,BUY,66.7,Heavy,21,14/21 bullish,63.6,11,5,USDBDT_otc
22:00-22:15,BUY,66.7,InsideBarBreakout,21,14/21 bullish,63.6,11,15,USDBDT_otc
09:55-10:00,SELL,66.7,Heavy,21,14/21 bearish,63.6,11,5,USDCOP_otc
19:35-19:40,SELL,66.7,Engulfing,21,14/21 bearish,63.6,11,5,USDEGP_otc
20:00-21:00,SELL,66.7,WickRejection,21,14/21 bearish,63.6,11,60,USDEGP_otc
19:10-19:15,SELL,76.2,Momentum,21,16/21 bearish,63.6,11,5,USDPKR_otc
03:05-03:10,SELL,66.7,Momentum,21,14/21 bearish,63.6,11,5,USDZAR_otc
08:15-08:20,SELL,66.7,Engulfing,21,14/21 bearish,63.6,11,5,USDZAR_otc
16:45-16:50,SELL,65.0,Heavy,20,13/20 bearish,63.6,11,5,BRLUSD_otc
19:30-19:35,BUY,80.0,Heavy,20,16/20 bullish,63.6,11,5,BRLUSD_otc
15:10-15:15,BUY,75.0,Momentum,20,15/20 bullish,63.6,11,5,EURNZD_otc
08:30-09:00,SELL,65.0,WickRejection,20,13/20 bearish,63.6,11,30,EURUSD_otc
18:25-18:30,BUY,70.0,Heavy,20,14/20 bullish,63.6,11,5,USDBDT_otc
12:50-12:55,BUY,65.0,Engulfing,20,13/20 bullish,63.6,11,5,USDCOP_otc
06:45-07:00,BUY,75.0,LiquiditySweep,20,15/20 bullish,63.6,11,15,USDDZD_otc
05:00-05:30,SELL,68.4,ColorBurst,19,13/19 bearish,63.6,11,30,EURCAD_otc
17:45-17:50,BUY,73.7,Momentum,19,14/19 bullish,63.6,11,5,USDINR_otc
13:45-13:50,SELL,83.3,Engulfing,18,15/18 bearish,63.6,11,5,BRLUSD_otc
19:30-19:35,SELL,66.7,Engulfing,18,12/18 bearish,63.6,11,5,EURGBP_otc
17:50-17:55,SELL,66.7,Engulfing,18,12/18 bearish,63.6,11,5,EURNZD_otc
08:10-08:15,SELL,83.3,Momentum,18,15/18 bearish,63.6,11,5,USDARS_otc
05:15-05:30,BUY,66.7,LiquiditySweep,18,12/18 bullish,63.6,11,15,USDDZD_otc
04:15-04:20,SELL,66.7,Momentum,18,12/18 bearish,63.6,11,5,USDEGP_otc
13:45-13:50,BUY,66.7,Heavy,18,12/18 bullish,63.6,11,5,USDINR_otc
17:00-17:05,SELL,72.2,Engulfing,18,13/18 bearish,63.6,11,5,USDNGN_otc
11:40-11:45,SELL,70.6,Heavy,17,12/17 bearish,63.6,11,5,USDIDR_otc
19:20-19:25,SELL,70.6,Momentum,17,12/17 bearish,63.6,11,5,USDINR_otc
22:15-22:30,BUY,68.8,LiquiditySweep,16,11/16 bullish,63.6,11,15,BRLUSD_otc
20:50-20:55,BUY,68.8,Engulfing,16,11/16 bullish,63.6,11,5,EURNZD_otc
12:00-13:00,BUY,67.9,LiquiditySweep,81,55/81 bullish,63.2,38,60,USDIDR_otc
08:30-09:00,SELL,71.8,LiquiditySweep,39,28/39 bearish,63.2,19,30,USDZAR_otc
08:00-08:30,BUY,67.6,LiquiditySweep,37,25/37 bullish,63.2,19,30,USDIDR_otc
09:00-10:00,BUY,73.5,ColorBurst,34,25/34 bullish,63.0,27,60,USDBDT_otc
03:00-04:00,SELL,67.8,LiquiditySweep,87,59/87 bearish,62.9,35,60,EURCAD_otc
05:15-05:30,BUY,71.8,Momentum,71,51/71 bullish,62.9,35,15,USDCOP_otc
23:15-23:30,SELL,70.9,Momentum,79,56/79 bearish,62.5,32,15,EURGBP_otc
08:15-08:30,BUY,68.5,Momentum,73,50/73 bullish,62.5,32,15,USDNGN_otc
07:00-08:00,BUY,65.6,InsideBarBreakout,61,40/61 bullish,62.5,24,60,USDPHP_otc
15:30-16:00,BUY,68.4,LiquiditySweep,38,26/38 bullish,62.5,16,30,USDBDT_otc
10:00-10:30,SELL,67.6,LiquiditySweep,37,25/37 bearish,62.5,16,30,EURGBP_otc
10:50-10:55,BUY,71.4,Momentum,35,25/35 bullish,62.5,8,5,EURCAD_otc
14:30-15:00,SELL,68.6,LiquiditySweep,35,24/35 bearish,62.5,16,30,USDDZD_otc
15:00-16:00,SELL,68.6,ColorBurst,35,24/35 bearish,62.5,16,60,USDINR_otc
00:00-00:30,BUY,76.5,LiquiditySweep,34,26/34 bullish,62.5,16,30,USDARS_otc
11:45-11:50,BUY,66.7,Momentum,33,22/33 bullish,62.5,8,5,EURGBP_otc
23:40-23:45,SELL,69.7,Momentum,33,23/33 bearish,62.5,8,5,USDEGP_otc
03:25-03:30,SELL,66.7,Momentum,33,22/33 bearish,62.5,16,5,USDNGN_otc
23:15-23:20,BUY,72.7,Momentum,33,24/33 bullish,62.5,16,5,USDPHP_otc
02:20-02:25,BUY,65.6,Momentum,32,21/32 bullish,62.5,8,5,EURUSD_otc
21:00-21:30,BUY,71.0,InsideBarBreakout,31,22/31 bullish,62.5,8,30,EURCAD_otc
11:25-11:30,BUY,66.7,Heavy,30,20/30 bullish,62.5,8,5,USDINR_otc
22:00-22:05,BUY,80.0,Momentum,30,24/30 bullish,62.5,8,5,USDINR_otc
00:00-00:05,SELL,75.9,Heavy,29,22/29 bearish,62.5,8,5,USDARS_otc
02:30-03:00,SELL,67.9,ColorBurst,28,19/28 bearish,62.5,8,30,USDIDR_otc
07:45-07:50,BUY,67.9,Momentum,28,19/28 bullish,62.5,8,5,USDMXN_otc
20:15-20:20,BUY,67.9,Momentum,28,19/28 bullish,62.5,16,5,USDNGN_otc
20:45-20:50,BUY,77.8,Momentum,27,21/27 bullish,62.5,8,5,EURNZD_otc
16:10-16:15,SELL,66.7,Momentum,27,18/27 bearish,62.5,8,5,USDARS_otc
19:30-19:45,BUY,70.4,LiquiditySweep,27,19/27 bullish,62.5,8,15,USDINR_otc
22:00-22:05,BUY,69.2,Momentum,26,18/26 bullish,62.5,8,5,EURCAD_otc
18:25-18:30,SELL,76.9,Momentum,26,20/26 bearish,62.5,8,5,EURGBP_otc
18:40-18:45,SELL,65.4,Engulfing,26,17/26 bearish,62.5,8,5,EURNZD_otc
11:15-11:20,BUY,65.4,Momentum,26,17/26 bullish,62.5,8,5,USDBDT_otc
00:45-00:50,BUY,69.2,Momentum,26,18/26 bullish,62.5,8,5,USDPKR_otc
07:55-08:00,SELL,72.0,Reversal,25,18/25 bearish,62.5,8,5,BRLUSD_otc
10:30-11:00,SELL,76.0,ColorBurst,25,19/25 bearish,62.5,8,30,EURGBP_otc
02:40-02:45,BUY,68.0,Heavy,25,17/25 bullish,62.5,8,5,EURNZD_otc
08:10-08:15,SELL,72.0,Engulfing,25,18/25 bearish,62.5,8,5,USDCOP_otc
07:40-07:45,BUY,68.0,Reversal,25,17/25 bullish,62.5,8,5,USDIDR_otc
15:35-15:40,BUY,76.0,Heavy,25,19/25 bullish,62.5,8,5,USDPHP_otc
07:00-07:05,SELL,80.0,Momentum,25,20/25 bearish,62.5,8,5,USDPKR_otc
18:00-19:00,SELL,70.8,WickRejection,24,17/24 bearish,62.5,8,60,BRLUSD_otc
19:20-19:25,BUY,70.8,Momentum,24,17/24 bullish,62.5,8,5,EURGBP_otc
17:00-17:15,BUY,75.0,LiquiditySweep,24,18/24 bullish,62.5,8,15,EURGBP_otc
16:30-17:00,BUY,66.7,InsideBarBreakout,24,16/24 bullish,62.5,8,30,EURNZD_otc
06:30-07:00,SELL,70.8,WickRejection,24,17/24 bearish,62.5,8,30,USDBDT_otc
04:50-04:55,SELL,66.7,Reversal,24,16/24 bearish,62.5,8,5,USDNGN_otc
11:35-11:40,SELL,66.7,Momentum,24,16/24 bearish,62.5,8,5,USDPHP_otc
08:10-08:15,SELL,65.2,Heavy,23,15/23 bearish,62.5,8,5,EURNZD_otc
21:50-21:55,BUY,65.2,Momentum,23,15/23 bullish,62.5,8,5,EURUSD_otc
01:45-01:50,BUY,65.2,Heavy,23,15/23 bullish,62.5,8,5,USDBDT_otc
16:40-16:45,SELL,65.2,Momentum,23,15/23 bearish,62.5,8,5,USDBDT_otc
06:05-06:10,BUY,69.6,Heavy,23,16/23 bullish,62.5,8,5,USDCOP_otc
01:45-01:50,SELL,65.2,Momentum,23,15/23 bearish,62.5,8,5,USDDZD_otc
07:00-07:15,SELL,73.9,LiquiditySweep,23,17/23 bearish,62.5,8,15,USDEGP_otc
12:15-12:20,SELL,65.2,Engulfing,23,15/23 bearish,62.5,8,5,USDIDR_otc
19:25-19:30,SELL,69.6,Heavy,23,16/23 bearish,62.5,8,5,USDINR_otc
19:30-20:00,SELL,65.2,ColorBurst,23,15/23 bearish,62.5,8,30,USDNGN_otc
14:45-15:00,BUY,69.6,LiquiditySweep,23,16/23 bullish,62.5,8,15,USDZAR_otc
11:35-11:40,SELL,68.2,Reversal,22,15/22 bearish,62.5,16,5,BRLUSD_otc
19:40-19:45,BUY,77.3,Heavy,22,17/22 bullish,62.5,8,5,EURCAD_otc
04:05-04:10,BUY,77.3,Heavy,22,17/22 bullish,62.5,8,5,USDARS_otc
17:30-17:45,SELL,72.7,LiquiditySweep,22,16/22 bearish,62.5,8,15,USDARS_otc
22:40-22:45,SELL,68.2,Engulfing,22,15/22 bearish,62.5,8,5,USDIDR_otc
02:55-03:00,BUY,77.3,Heavy,22,17/22 bullish,62.5,8,5,USDINR_otc
09:50-09:55,BUY,66.7,Engulfing,21,14/21 bullish,62.5,8,5,EURGBP_otc
21:30-21:45,SELL,66.7,LiquiditySweep,21,14/21 bearish,62.5,8,15,USDARS_otc
12:15-12:20,SELL,66.7,Momentum,21,14/21 bearish,62.5,8,5,USDBDT_otc
06:05-06:10,BUY,66.7,Engulfing,21,14/21 bullish,62.5,8,5,USDCOP_otc
09:20-09:25,SELL,66.7,Heavy,21,14/21 bearish,62.5,8,5,USDINR_otc
05:45-06:00,SELL,66.7,InsideBarBreakout,21,14/21 bearish,62.5,8,15,USDMXN_otc
06:30-07:00,BUY,71.4,WickRejection,21,15/21 bullish,62.5,8,30,USDPKR_otc
22:50-22:55,SELL,65.0,Engulfing,20,13/20 bearish,62.5,8,5,BRLUSD_otc
17:10-17:15,SELL,70.0,Heavy,20,14/20 bearish,62.5,8,5,EURCAD_otc
02:40-02:45,SELL,70.0,Engulfing,20,14/20 bearish,62.5,8,5,EURCAD_otc
07:30-07:35,BUY,65.0,Momentum,20,13/20 bullish,62.5,16,5,EURGBP_otc
03:20-03:25,SELL,70.0,Heavy,20,14/20 bearish,62.5,8,5,EURUSD_otc
02:20-02:25,BUY,80.0,Engulfing,20,16/20 bullish,62.5,8,5,EURUSD_otc
17:30-17:45,BUY,75.0,InsideBarBreakout,20,15/20 bullish,62.5,8,15,USDARS_otc
20:55-21:00,BUY,70.0,Momentum,20,14/20 bullish,62.5,8,5,USDBDT_otc
08:15-08:30,BUY,70.0,LiquiditySweep,20,14/20 bullish,62.5,8,15,USDCOP_otc
13:25-13:30,BUY,75.0,Heavy,20,15/20 bullish,62.5,8,5,USDINR_otc
16:15-16:30,BUY,70.0,LiquiditySweep,20,14/20 bullish,62.5,8,15,USDNGN_otc
21:40-21:45,SELL,70.0,Momentum,20,14/20 bearish,62.5,8,5,USDPHP_otc
23:05-23:10,BUY,70.0,Momentum,20,14/20 bullish,62.5,8,5,USDPHP_otc
14:00-14:15,SELL,65.0,InsideBarBreakout,20,13/20 bearish,62.5,8,15,USDPHP_otc
22:35-22:40,SELL,65.0,Momentum,20,13/20 bearish,62.5,8,5,USDZAR_otc
16:25-16:30,BUY,73.7,Heavy,19,14/19 bullish,62.5,8,5,BRLUSD_otc
15:15-15:20,BUY,68.4,Momentum,19,13/19 bullish,62.5,8,5,BRLUSD_otc
17:20-17:25,BUY,73.7,Engulfing,19,14/19 bullish,62.5,8,5,EURCAD_otc
10:55-11:00,SELL,73.7,Momentum,19,14/19 bearish,62.5,8,5,EURNZD_otc
16:40-16:45,SELL,78.9,Engulfing,19,15/19 bearish,62.5,8,5,EURUSD_otc
17:45-18:00,BUY,73.7,LiquiditySweep,19,14/19 bullish,62.5,8,15,USDNGN_otc
08:45-09:00,SELL,73.7,InsideBarBreakout,19,14/19 bearish,62.5,8,15,USDZAR_otc
06:00-06:05,BUY,66.7,Engulfing,18,12/18 bullish,62.5,8,5,USDDZD_otc
19:05-19:10,BUY,66.7,Engulfing,18,12/18 bullish,62.5,8,5,USDMXN_otc
02:30-02:35,SELL,72.2,Engulfing,18,13/18 bearish,62.5,8,5,USDPHP_otc
12:45-12:50,SELL,66.7,Momentum,18,12/18 bearish,62.5,16,5,USDPKR_otc
08:15-08:30,BUY,70.6,LiquiditySweep,17,12/17 bullish,62.5,8,15,BRLUSD_otc
19:10-19:15,SELL,76.5,Momentum,17,13/17 bearish,62.5,8,5,EURCAD_otc
04:00-04:15,SELL,70.6,LiquiditySweep,17,12/17 bearish,62.5,8,15,EURUSD_otc
15:15-15:20,SELL,70.6,Engulfing,17,12/17 bearish,62.5,8,5,USDPHP_otc
10:00-10:15,SELL,68.8,InsideBarBreakout,16,11/16 bearish,62.5,8,15,EURNZD_otc
22:30-22:45,BUY,68.8,InsideBarBreakout,16,11/16 bullish,62.5,8,15,USDBDT_otc
14:00-14:30,SELL,75.0,WickRejection,16,12/16 bearish,62.5,8,30,USDEGP_otc
16:20-16:25,SELL,68.8,Engulfing,16,11/16 bearish,62.5,8,5,USDMXN_otc
02:25-02:30,BUY,68.8,Engulfing,16,11/16 bullish,62.5,8,5,USDPHP_otc
11:30-11:45,SELL,68.8,InsideBarBreakout,16,11/16 bearish,62.5,8,15,USDZAR_otc
02:45-03:00,SELL,68.8,InsideBarBreakout,16,11/16 bearish,62.5,8,15,USDZAR_otc
04:45-04:50,SELL,66.7,Momentum,15,10/15 bearish,62.5,16,5,BRLUSD_otc
04:00-04:15,SELL,66.7,InsideBarBreakout,15,10/15 bearish,62.5,8,15,USDARS_otc
10:00-10:30,SELL,66.7,ColorBurst,15,10/15 bearish,62.5,8,30,USDARS_otc
05:45-06:00,BUY,66.7,LiquiditySweep,15,10/15 bullish,62.5,8,15,USDEGP_otc
15:15-15:20,SELL,66.7,Heavy,15,10/15 bearish,62.5,8,5,USDINR_otc
12:05-12:10,SELL,66.7,Heavy,15,10/15 bearish,62.5,8,5,USDPKR_otc
23:30-00:00,BUY,73.3,WickRejection,15,11/15 bullish,62.5,8,30,USDZAR_otc
12:30-12:45,SELL,73.2,Momentum,82,60/82 bearish,62.1,29,15,USDIDR_otc
04:00-04:15,SELL,67.6,Momentum,71,48/71 bearish,61.9,42,15,USDZAR_otc
02:30-03:00,SELL,68.5,Momentum,146,100/146 bearish,61.5,65,30,USDEGP_otc
13:05-13:10,BUY,66.3,DoubleTopBottom,83,55/83 bullish,61.5,26,5,BRLUSD_otc
15:30-15:45,BUY,68.8,Heavy,64,44/64 bullish,61.5,26,15,USDPHP_otc
04:00-04:30,BUY,65.9,InsideBarBreakout,44,29/44 bullish,61.5,13,30,USDZAR_otc
17:30-18:00,BUY,69.2,InsideBarBreakout,39,27/39 bullish,61.5,13,30,BRLUSD_otc
16:05-16:10,BUY,73.7,Momentum,38,28/38 bullish,61.5,13,5,EURGBP_otc
19:55-20:00,BUY,83.3,Momentum,36,30/36 bullish,61.5,13,5,USDDZD_otc
04:30-05:00,BUY,66.7,InsideBarBreakout,36,24/36 bullish,61.5,13,30,USDEGP_otc
05:45-05:50,BUY,65.5,Momentum,29,19/29 bullish,61.5,13,5,EURCAD_otc
04:40-04:45,BUY,71.4,Momentum,28,20/28 bullish,61.5,13,5,USDARS_otc
18:40-18:45,BUY,89.3,Momentum,28,25/28 bullish,61.5,13,5,USDPHP_otc
14:00-15:00,BUY,66.7,WickRejection,27,18/27 bullish,61.5,13,60,USDIDR_otc
11:55-12:00,BUY,74.1,Momentum,27,20/27 bullish,61.5,13,5,USDINR_otc
01:25-01:30,SELL,65.4,Momentum,26,17/26 bearish,61.5,13,5,EURCAD_otc
21:50-21:55,BUY,73.1,Momentum,26,19/26 bullish,61.5,13,5,EURNZD_otc
14:30-14:35,BUY,65.4,Reversal,26,17/26 bullish,61.5,13,5,USDIDR_otc
02:50-02:55,SELL,65.4,Reversal,26,17/26 bearish,61.5,13,5,USDZAR_otc
22:45-23:00,BUY,68.0,LiquiditySweep,25,17/25 bullish,61.5,13,15,EURNZD_otc
17:00-17:05,BUY,68.0,Reversal,25,17/25 bullish,61.5,13,5,EURUSD_otc
08:50-08:55,SELL,68.0,Heavy,25,17/25 bearish,61.5,13,5,USDARS_otc
03:50-03:55,BUY,72.0,Heavy,25,18/25 bullish,61.5,13,5,USDIDR_otc
06:35-06:40,SELL,66.7,Reversal,24,16/24 bearish,61.5,13,5,USDBDT_otc
02:00-02:05,BUY,70.8,Heavy,24,17/24 bullish,61.5,13,5,USDEGP_otc
19:05-19:10,BUY,70.8,Momentum,24,17/24 bullish,61.5,13,5,USDINR_otc
23:40-23:45,SELL,65.2,Reversal,23,15/23 bearish,61.5,13,5,USDARS_otc
16:55-17:00,BUY,69.6,Momentum,23,16/23 bullish,61.5,13,5,USDCOP_otc
01:20-01:25,BUY,65.2,Engulfing,23,15/23 bullish,61.5,13,5,USDEGP_otc
06:20-06:25,BUY,69.6,Reversal,23,16/23 bullish,61.5,13,5,USDINR_otc
17:15-17:20,BUY,73.9,Heavy,23,17/23 bullish,61.5,13,5,USDPKR_otc
19:35-19:40,SELL,65.2,Momentum,23,15/23 bearish,61.5,13,5,USDPKR_otc
21:25-21:30,SELL,72.7,Heavy,22,16/22 bearish,61.5,13,5,BRLUSD_otc
07:20-07:25,BUY,72.7,Heavy,22,16/22 bullish,61.5,13,5,USDDZD_otc
04:20-04:25,BUY,68.2,Reversal,22,15/22 bullish,61.5,13,5,USDIDR_otc
11:45-11:50,SELL,71.4,Momentum,21,15/21 bearish,61.5,13,5,USDARS_otc
04:50-04:55,SELL,66.7,Momentum,21,14/21 bearish,61.5,13,5,USDDZD_otc
12:30-12:35,BUY,71.4,Engulfing,21,15/21 bullish,61.5,13,5,USDEGP_otc
03:15-03:30,SELL,84.2,LiquiditySweep,19,16/19 bearish,61.5,13,15,EURCAD_otc
06:20-06:25,BUY,89.5,Heavy,19,17/19 bullish,61.5,13,5,USDINR_otc
22:15-22:20,SELL,68.4,Engulfing,19,13/19 bearish,61.5,13,5,USDZAR_otc
03:50-03:55,BUY,72.2,Heavy,18,13/18 bullish,61.5,13,5,EURCAD_otc
16:45-17:00,SELL,88.9,LiquiditySweep,18,16/18 bearish,61.5,13,15,USDINR_otc
03:30-04:00,BUY,81.2,ColorBurst,16,13/16 bullish,61.5,13,30,USDEGP_otc
22:10-22:15,BUY,80.0,Engulfing,15,12/15 bullish,61.5,13,5,USDZAR_otc
02:00-02:15,BUY,68.2,Momentum,66,45/66 bullish,61.3,31,15,USDDZD_otc
03:00-03:30,SELL,71.4,LiquiditySweep,35,25/35 bearish,61.1,18,30,EURCAD_otc
22:00-22:05,SELL,68.0,Momentum,25,17/25 bearish,61.1,18,5,USDMXN_otc
08:00-08:30,BUY,66.7,LiquiditySweep,42,28/42 bullish,60.9,23,30,USDPHP_otc
07:00-07:30,SELL,66.7,LiquiditySweep,39,26/39 bearish,60.9,23,30,USDDZD_otc
13:15-13:30,SELL,68.6,Momentum,70,48/70 bearish,60.7,28,15,USDPKR_otc
00:15-00:30,SELL,70.1,Momentum,87,61/87 bearish,60.6,33,15,EURCAD_otc
22:00-22:15,BUY,76.2,Momentum,80,61/80 bullish,60.6,33,15,USDINR_otc
00:15-00:30,SELL,71.8,Momentum,78,56/78 bearish,60.6,33,15,USDIDR_otc
07:30-07:35,SELL,65.4,DoubleTopBottom,104,68/104 bearish,60.0,45,5,EURCAD_otc
16:15-16:30,BUY,67.0,Momentum,88,59/88 bullish,60.0,30,15,USDCOP_otc
18:00-18:15,BUY,68.2,Momentum,85,58/85 bullish,60.0,30,15,USDEGP_otc
18:00-19:00,BUY,72.2,LiquiditySweep,72,52/72 bullish,60.0,25,60,EURCAD_otc
00:15-00:30,SELL,65.2,Heavy,66,43/66 bearish,60.0,30,15,USDBDT_otc
12:30-12:45,BUY,67.7,Momentum,62,42/62 bullish,60.0,25,15,USDMXN_otc
09:45-10:00,BUY,65.6,Engulfing,61,40/61 bullish,60.0,20,15,EURGBP_otc
09:00-09:30,BUY,66.0,LiquiditySweep,53,35/53 bullish,60.0,20,30,EURUSD_otc
05:10-05:15,SELL,72.5,Momentum,40,29/40 bearish,60.0,10,5,EURCAD_otc
16:30-17:00,SELL,71.8,LiquiditySweep,39,28/39 bearish,60.0,20,30,USDPHP_otc
06:30-07:00,BUY,65.8,LiquiditySweep,38,25/38 bullish,60.0,15,30,USDPKR_otc
23:00-23:30,BUY,66.7,LiquiditySweep,36,24/36 bullish,60.0,15,30,BRLUSD_otc
03:15-03:20,BUY,78.8,Momentum,33,26/33 bullish,60.0,10,5,BRLUSD_otc
11:50-11:55,BUY,69.7,Momentum,33,23/33 bullish,60.0,15,5,EURNZD_otc
04:15-04:20,BUY,78.8,Momentum,33,26/33 bullish,60.0,15,5,USDARS_otc
08:25-08:30,BUY,72.7,Momentum,33,24/33 bullish,60.0,10,5,USDDZD_otc
06:20-06:25,BUY,72.7,Momentum,33,24/33 bullish,60.0,5,5,USDINR_otc
15:50-15:55,SELL,65.6,Momentum,32,21/32 bearish,60.0,10,5,BRLUSD_otc
12:00-12:30,SELL,65.6,InsideBarBreakout,32,21/32 bearish,60.0,15,30,BRLUSD_otc
11:25-11:30,SELL,78.1,Momentum,32,25/32 bearish,60.0,10,5,EURUSD_otc
20:25-20:30,SELL,68.8,Momentum,32,22/32 bearish,60.0,5,5,EURUSD_otc
14:30-15:00,SELL,67.7,InsideBarBreakout,31,21/31 bearish,60.0,20,30,USDBDT_otc
20:25-20:30,BUY,71.0,Momentum,31,22/31 bullish,60.0,10,5,USDDZD_otc
00:35-00:40,BUY,67.7,Momentum,31,21/31 bullish,60.0,10,5,USDEGP_otc
19:30-19:35,BUY,67.7,Momentum,31,21/31 bullish,60.0,5,5,USDPHP_otc
12:45-12:50,SELL,66.7,Momentum,30,20/30 bearish,60.0,10,5,BRLUSD_otc
04:45-04:50,BUY,66.7,Momentum,30,20/30 bullish,60.0,10,5,EURUSD_otc
21:30-22:00,BUY,73.3,InsideBarBreakout,30,22/30 bullish,60.0,15,30,USDBDT_otc
23:00-00:00,SELL,73.3,WickRejection,30,22/30 bearish,60.0,15,60,USDBDT_otc
02:35-02:40,SELL,76.7,Momentum,30,23/30 bearish,60.0,10,5,USDCOP_otc
13:10-13:15,SELL,76.7,Momentum,30,23/30 bearish,60.0,5,5,USDDZD_otc
17:15-17:20,SELL,66.7,Heavy,30,20/30 bearish,60.0,10,5,USDEGP_otc
06:45-06:50,BUY,66.7,Momentum,30,20/30 bullish,60.0,10,5,USDIDR_otc
08:45-09:00,BUY,73.3,LiquiditySweep,30,22/30 bullish,60.0,5,15,USDIDR_otc
23:20-23:25,BUY,73.3,Momentum,30,22/30 bullish,60.0,10,5,USDINR_otc
02:30-02:35,BUY,80.0,Momentum,30,24/30 bullish,60.0,10,5,USDZAR_otc
19:45-19:50,SELL,72.4,Momentum,29,21/29 bearish,60.0,10,5,EURGBP_otc
13:00-13:30,BUY,69.0,InsideBarBreakout,29,20/29 bullish,60.0,20,30,USDIDR_otc
14:30-14:45,BUY,67.9,LiquiditySweep,28,19/28 bullish,60.0,10,15,EURUSD_otc
07:00-08:00,BUY,67.9,ColorBurst,28,19/28 bullish,60.0,10,60,USDCOP_otc
21:30-21:35,BUY,67.9,Heavy,28,19/28 bullish,60.0,10,5,USDEGP_otc
17:50-17:55,SELL,67.9,Heavy,28,19/28 bearish,60.0,5,5,USDIDR_otc
16:50-16:55,SELL,71.4,Momentum,28,20/28 bearish,60.0,10,5,USDIDR_otc
10:10-10:15,BUY,67.9,Momentum,28,19/28 bullish,60.0,10,5,USDINR_otc
22:40-22:45,BUY,67.9,Momentum,28,19/28 bullish,60.0,10,5,USDMXN_otc
04:30-05:00,BUY,67.9,ColorBurst,28,19/28 bullish,60.0,10,30,USDNGN_otc
14:20-14:25,SELL,66.7,Momentum,27,18/27 bearish,60.0,5,5,BRLUSD_otc
00:35-00:40,SELL,66.7,Reversal,27,18/27 bearish,60.0,10,5,EURUSD_otc
23:05-23:10,BUY,66.7,Heavy,27,18/27 bullish,60.0,10,5,USDBDT_otc
18:55-19:00,SELL,70.4,Reversal,27,19/27 bearish,60.0,10,5,USDBDT_otc
13:40-13:45,SELL,70.4,Reversal,27,19/27 bearish,60.0,10,5,USDEGP_otc
14:45-14:50,SELL,66.7,Heavy,27,18/27 bearish,60.0,15,5,USDIDR_otc
07:30-07:35,BUY,66.7,Reversal,27,18/27 bullish,60.0,10,5,USDIDR_otc
05:35-05:40,BUY,70.4,Heavy,27,19/27 bullish,60.0,10,5,USDNGN_otc
19:45-19:50,SELL,74.1,Momentum,27,20/27 bearish,60.0,10,5,USDNGN_otc
23:10-23:15,SELL,70.4,Reversal,27,19/27 bearish,60.0,10,5,USDZAR_otc
16:45-16:50,SELL,65.4,Momentum,26,17/26 bearish,60.0,5,5,BRLUSD_otc
20:30-20:35,BUY,73.1,Reversal,26,19/26 bullish,60.0,10,5,EURCAD_otc
07:00-07:05,BUY,69.2,Momentum,26,18/26 bullish,60.0,5,5,USDCOP_otc
11:50-11:55,SELL,65.4,Momentum,26,17/26 bearish,60.0,5,5,USDEGP_otc
21:45-22:00,SELL,69.2,LiquiditySweep,26,18/26 bearish,60.0,5,15,USDEGP_otc
01:40-01:45,SELL,65.4,Heavy,26,17/26 bearish,60.0,5,5,USDIDR_otc
00:45-00:50,SELL,65.4,Heavy,26,17/26 bearish,60.0,10,5,USDZAR_otc
23:20-23:25,BUY,68.0,Momentum,25,17/25 bullish,60.0,10,5,BRLUSD_otc
00:00-00:15,BUY,76.0,LiquiditySweep,25,19/25 bullish,60.0,5,15,EURNZD_otc
14:55-15:00,BUY,72.0,Momentum,25,18/25 bullish,60.0,15,5,USDARS_otc
08:40-08:45,BUY,80.0,Momentum,25,20/25 bullish,60.0,10,5,USDBDT_otc
04:35-04:40,BUY,92.0,Momentum,25,23/25 bullish,60.0,10,5,USDCOP_otc
04:30-04:35,SELL,68.0,Heavy,25,17/25 bearish,60.0,10,5,USDDZD_otc
22:45-22:50,BUY,68.0,Momentum,25,17/25 bullish,60.0,5,5,USDIDR_otc
18:50-18:55,SELL,68.0,Momentum,25,17/25 bearish,60.0,10,5,USDZAR_otc
01:15-01:20,BUY,79.2,Momentum,24,19/24 bullish,60.0,5,5,EURGBP_otc
06:30-06:35,BUY,70.8,Reversal,24,17/24 bullish,60.0,10,5,EURNZD_otc
01:40-01:45,SELL,66.7,Heavy,24,16/24 bearish,60.0,5,5,USDARS_otc
22:25-22:30,SELL,70.8,Momentum,24,17/24 bearish,60.0,10,5,USDARS_otc
22:55-23:00,BUY,66.7,Engulfing,24,16/24 bullish,60.0,10,5,USDARS_otc
07:30-08:00,SELL,66.7,ColorBurst,24,16/24 bearish,60.0,10,30,USDBDT_otc
05:20-05:25,BUY,66.7,Momentum,24,16/24 bullish,60.0,10,5,USDCOP_otc
02:10-02:15,BUY,66.7,Reversal,24,16/24 bullish,60.0,10,5,USDDZD_otc
16:10-16:15,SELL,66.7,Reversal,24,16/24 bearish,60.0,10,5,USDEGP_otc
14:30-14:35,BUY,66.7,Momentum,24,16/24 bullish,60.0,10,5,USDINR_otc
17:00-17:05,BUY,70.8,Momentum,24,17/24 bullish,60.0,5,5,USDPHP_otc
05:20-05:25,BUY,66.7,Momentum,24,16/24 bullish,60.0,15,5,USDZAR_otc
20:35-20:40,BUY,65.2,Reversal,23,15/23 bullish,60.0,10,5,BRLUSD_otc
21:45-21:50,SELL,65.2,Momentum,23,15/23 bearish,60.0,15,5,BRLUSD_otc
00:50-00:55,BUY,69.6,Momentum,23,16/23 bullish,60.0,15,5,EURCAD_otc
13:15-13:30,BUY,65.2,LiquiditySweep,23,15/23 bullish,60.0,5,15,EURGBP_otc
21:35-21:40,SELL,73.9,Engulfing,23,17/23 bearish,60.0,5,5,EURUSD_otc
14:30-15:00,BUY,65.2,InsideBarBreakout,23,15/23 bullish,60.0,10,30,EURUSD_otc
07:55-08:00,BUY,69.6,Heavy,23,16/23 bullish,60.0,10,5,USDCOP_otc
15:00-15:05,SELL,65.2,Heavy,23,15/23 bearish,60.0,10,5,USDCOP_otc
14:20-14:25,BUY,73.9,Momentum,23,17/23 bullish,60.0,15,5,USDDZD_otc
03:50-03:55,BUY,65.2,Heavy,23,15/23 bullish,60.0,10,5,USDINR_otc
20:55-21:00,BUY,69.6,Engulfing,23,16/23 bullish,60.0,5,5,USDINR_otc
01:00-01:15,BUY,65.2,LiquiditySweep,23,15/23 bullish,60.0,10,15,USDINR_otc
18:00-18:30,BUY,65.2,WickRejection,23,15/23 bullish,60.0,10,30,USDNGN_otc
22:40-22:45,SELL,65.2,Engulfing,23,15/23 bearish,60.0,10,5,USDPHP_otc
14:45-14:50,SELL,65.2,Heavy,23,15/23 bearish,60.0,5,5,USDPKR_otc
02:55-03:00,SELL,69.6,Heavy,23,16/23 bearish,60.0,10,5,USDZAR_otc
23:45-00:00,SELL,68.2,LiquiditySweep,22,15/22 bearish,60.0,5,15,BRLUSD_otc
21:10-21:15,BUY,68.2,Heavy,22,15/22 bullish,60.0,10,5,EURUSD_otc
13:25-13:30,SELL,72.7,Engulfing,22,16/22 bearish,60.0,10,5,USDARS_otc
08:30-09:00,SELL,72.7,ColorBurst,22,16/22 bearish,60.0,5,30,USDBDT_otc
04:20-04:25,SELL,68.2,Momentum,22,15/22 bearish,60.0,10,5,USDDZD_otc
08:00-08:30,BUY,81.8,ColorBurst,22,18/22 bullish,60.0,5,30,USDDZD_otc
11:15-11:20,SELL,86.4,Heavy,22,19/22 bearish,60.0,20,5,USDIDR_otc
01:25-01:30,BUY,68.2,Momentum,22,15/22 bullish,60.0,15,5,USDIDR_otc
21:30-22:00,BUY,68.2,WickRejection,22,15/22 bullish,60.0,5,30,USDIDR_otc
03:20-03:25,BUY,68.2,Momentum,22,15/22 bullish,60.0,15,5,USDINR_otc
16:40-16:45,BUY,68.2,Engulfing,22,15/22 bullish,60.0,10,5,USDINR_otc
08:30-09:00,BUY,81.8,WickRejection,22,18/22 bullish,60.0,10,30,USDMXN_otc
19:15-19:30,BUY,72.7,LiquiditySweep,22,16/22 bullish,60.0,10,15,USDPHP_otc
14:45-15:00,BUY,68.2,LiquiditySweep,22,15/22 bullish,60.0,5,15,USDPHP_otc
11:55-12:00,BUY,81.8,Momentum,22,18/22 bullish,60.0,5,5,USDPKR_otc
06:30-06:35,BUY,68.2,Engulfing,22,15/22 bullish,60.0,10,5,USDPKR_otc
15:40-15:45,SELL,68.2,Heavy,22,15/22 bearish,60.0,15,5,USDZAR_otc
10:55-11:00,SELL,66.7,Momentum,21,14/21 bearish,60.0,5,5,EURGBP_otc
21:00-22:00,SELL,76.2,WickRejection,21,16/21 bearish,60.0,15,60,EURGBP_otc
17:50-17:55,BUY,66.7,Heavy,21,14/21 bullish,60.0,10,5,EURNZD_otc
13:35-13:40,BUY,66.7,Engulfing,21,14/21 bullish,60.0,10,5,EURNZD_otc
19:00-20:00,BUY,90.5,RSIExtreme,21,19/21 bullish,60.0,10,60,USDARS_otc
15:00-15:30,BUY,71.4,ColorBurst,21,15/21 bullish,60.0,10,30,USDBDT_otc
12:10-12:15,BUY,71.4,Momentum,21,15/21 bullish,60.0,5,5,USDCOP_otc
02:20-02:25,SELL,66.7,Momentum,21,14/21 bearish,60.0,15,5,USDDZD_otc
13:45-14:00,BUY,66.7,LiquiditySweep,21,14/21 bullish,60.0,5,15,USDEGP_otc
17:25-17:30,SELL,66.7,Heavy,21,14/21 bearish,60.0,10,5,USDMXN_otc
09:20-09:25,SELL,66.7,Engulfing,21,14/21 bearish,60.0,5,5,USDNGN_otc
18:30-18:45,SELL,66.7,LiquiditySweep,21,14/21 bearish,60.0,10,15,USDPKR_otc
15:15-15:20,BUY,66.7,Heavy,21,14/21 bullish,60.0,10,5,USDZAR_otc
09:15-09:20,BUY,65.0,Heavy,20,13/20 bullish,60.0,10,5,EURCAD_otc
12:40-12:45,BUY,70.0,Heavy,20,14/20 bullish,60.0,10,5,EURGBP_otc
11:15-11:30,BUY,70.0,LiquiditySweep,20,14/20 bullish,60.0,5,15,EURNZD_otc
07:45-07:50,SELL,70.0,Heavy,20,14/20 bearish,60.0,10,5,EURUSD_otc
11:20-11:25,SELL,65.0,Engulfing,20,13/20 bearish,60.0,10,5,EURUSD_otc
05:30-05:45,SELL,65.0,LiquiditySweep,20,13/20 bearish,60.0,10,15,EURUSD_otc
15:45-16:00,SELL,75.0,LiquiditySweep,20,15/20 bearish,60.0,10,15,USDARS_otc
07:30-07:45,SELL,70.0,LiquiditySweep,20,14/20 bearish,60.0,5,15,USDARS_otc
21:30-21:45,SELL,70.0,LiquiditySweep,20,14/20 bearish,60.0,10,15,USDBDT_otc
19:50-19:55,BUY,65.0,Engulfing,20,13/20 bullish,60.0,10,5,USDEGP_otc
10:00-10:05,BUY,80.0,Momentum,20,16/20 bullish,60.0,10,5,USDMXN_otc
01:30-02:00,BUY,65.0,ColorBurst,20,13/20 bullish,60.0,5,30,USDNGN_otc
06:15-06:20,SELL,65.0,Heavy,20,13/20 bearish,60.0,5,5,USDPHP_otc
09:25-09:30,SELL,70.0,Momentum,20,14/20 bearish,60.0,10,5,USDPKR_otc
01:25-01:30,BUY,65.0,Heavy,20,13/20 bullish,60.0,10,5,USDZAR_otc
13:30-13:45,BUY,73.7,LiquiditySweep,19,14/19 bullish,60.0,10,15,BRLUSD_otc
02:30-02:45,SELL,68.4,LiquiditySweep,19,13/19 bearish,60.0,10,15,EURGBP_otc
15:50-15:55,SELL,73.7,Engulfing,19,14/19 bearish,60.0,10,5,EURNZD_otc
04:00-04:15,SELL,73.7,LiquiditySweep,19,14/19 bearish,60.0,5,15,USDARS_otc
19:45-20:00,BUY,68.4,LiquiditySweep,19,13/19 bullish,60.0,5,15,USDBDT_otc
20:35-20:40,BUY,68.4,Heavy,19,13/19 bullish,60.0,10,5,USDDZD_otc
17:35-17:40,BUY,73.7,Momentum,19,14/19 bullish,60.0,5,5,USDDZD_otc
23:00-23:05,SELL,68.4,Momentum,19,13/19 bearish,60.0,10,5,USDEGP_otc
13:30-14:00,SELL,73.7,ColorBurst,19,14/19 bearish,60.0,10,30,USDEGP_otc
06:15-06:20,BUY,73.7,Heavy,19,14/19 bullish,60.0,10,5,USDINR_otc
06:40-06:45,SELL,73.7,Momentum,19,14/19 bearish,60.0,5,5,USDINR_otc
19:15-19:20,SELL,73.7,Engulfing,19,14/19 bearish,60.0,10,5,USDINR_otc
08:30-08:45,BUY,78.9,LiquiditySweep,19,15/19 bullish,60.0,10,15,USDINR_otc
19:00-19:30,SELL,78.9,ColorBurst,19,15/19 bearish,60.0,5,30,USDMXN_otc
17:15-17:20,SELL,73.7,Engulfing,19,14/19 bearish,60.0,5,5,USDNGN_otc
15:15-15:30,BUY,68.4,LiquiditySweep,19,13/19 bullish,60.0,10,15,USDNGN_otc
20:00-20:30,BUY,66.7,WickRejection,18,12/18 bullish,60.0,5,30,BRLUSD_otc
05:00-05:05,BUY,66.7,Momentum,18,12/18 bullish,60.0,10,5,EURCAD_otc
05:05-05:10,SELL,66.7,Engulfing,18,12/18 bearish,60.0,10,5,EURGBP_otc
00:15-00:20,SELL,72.2,Heavy,18,13/18 bearish,60.0,5,5,EURUSD_otc
12:15-12:20,BUY,72.2,Heavy,18,13/18 bullish,60.0,5,5,EURUSD_otc
15:30-16:00,BUY,66.7,WickRejection,18,12/18 bullish,60.0,5,30,EURUSD_otc
15:30-16:00,SELL,72.2,WickRejection,18,13/18 bearish,60.0,5,30,USDARS_otc
16:40-16:45,SELL,66.7,Momentum,18,12/18 bearish,60.0,15,5,USDCOP_otc
22:35-22:40,BUY,66.7,Engulfing,18,12/18 bullish,60.0,10,5,USDCOP_otc
22:30-22:45,BUY,66.7,LiquiditySweep,18,12/18 bullish,60.0,10,15,USDDZD_otc
13:30-14:00,SELL,72.2,WickRejection,18,13/18 bearish,60.0,5,30,USDEGP_otc
11:10-11:15,SELL,66.7,Heavy,18,12/18 bearish,60.0,10,5,USDINR_otc
09:25-09:30,SELL,66.7,Engulfing,18,12/18 bearish,60.0,5,5,USDMXN_otc
03:30-03:35,SELL,77.8,Engulfing,18,14/18 bearish,60.0,10,5,USDPHP_otc
05:30-05:45,SELL,66.7,LiquiditySweep,18,12/18 bearish,60.0,10,15,USDPKR_otc
00:15-00:30,BUY,70.6,LiquiditySweep,17,12/17 bullish,60.0,5,15,BRLUSD_otc
14:00-15:00,SELL,88.2,SqueezeBreakout,17,15/17 bearish,60.0,5,60,EURGBP_otc
15:15-15:30,SELL,94.1,ColorBurst,17,16/17 bearish,60.0,10,15,USDEGP_otc
14:00-14:30,BUY,70.6,WickRejection,17,12/17 bullish,60.0,10,30,USDIDR_otc
05:00-05:30,SELL,70.6,WickRejection,17,12/17 bearish,60.0,5,30,USDINR_otc
16:15-16:20,BUY,70.6,Heavy,17,12/17 bullish,60.0,10,5,USDPHP_otc
11:50-11:55,BUY,70.6,Engulfing,17,12/17 bullish,60.0,10,5,USDPKR_otc
14:50-14:55,SELL,68.8,Heavy,16,11/16 bearish,60.0,5,5,EURCAD_otc
11:00-11:30,SELL,68.8,WickRejection,16,11/16 bearish,60.0,10,30,EURUSD_otc
12:25-12:30,SELL,68.8,Engulfing,16,11/16 bearish,60.0,5,5,USDARS_otc
08:45-09:00,SELL,75.0,InsideBarBreakout,16,12/16 bearish,60.0,5,15,USDBDT_otc
18:15-18:30,BUY,68.8,InsideBarBreakout,16,11/16 bullish,60.0,5,15,USDCOP_otc
04:20-04:25,BUY,68.8,Engulfing,16,11/16 bullish,60.0,5,5,USDIDR_otc
14:45-14:50,SELL,75.0,Engulfing,16,12/16 bearish,60.0,5,5,USDIDR_otc
10:00-10:15,SELL,68.8,InsideBarBreakout,16,11/16 bearish,60.0,5,15,USDIDR_otc
23:00-23:30,BUY,81.2,ColorBurst,16,13/16 bullish,60.0,10,30,USDIDR_otc
20:35-20:40,BUY,68.8,Momentum,16,11/16 bullish,60.0,10,5,USDPKR_otc
11:40-11:45,BUY,68.8,Engulfing,16,11/16 bullish,60.0,5,5,USDPKR_otc
08:35-08:40,SELL,73.3,Engulfing,15,11/15 bearish,60.0,10,5,BRLUSD_otc
11:00-11:30,SELL,80.0,WickRejection,15,12/15 bearish,60.0,10,30,EURGBP_otc
00:00-00:15,SELL,80.0,ColorBurst,15,12/15 bearish,60.0,5,15,USDARS_otc
10:30-10:45,BUY,66.7,InsideBarBreakout,15,10/15 bullish,60.0,5,15,USDARS_otc
12:45-13:00,BUY,80.0,InsideBarBreakout,15,12/15 bullish,60.0,5,15,USDEGP_otc
11:30-11:45,SELL,73.3,InsideBarBreakout,15,11/15 bearish,60.0,10,15,USDIDR_otc
16:30-17:00,BUY,73.3,ColorBurst,15,11/15 bullish,60.0,5,30,USDINR_otc
06:15-06:20,SELL,86.7,Engulfing,15,13/15 bearish,60.0,10,5,USDMXN_otc
11:00-12:00,SELL,73.3,SqueezeBreakout,15,11/15 bearish,60.0,10,60,USDPHP_otc
14:45-15:00,SELL,73.3,ColorBurst,15,11/15 bearish,60.0,5,15,USDPKR_otc
08:00-09:00,BUY,67.0,LiquiditySweep,91,61/91 bullish,59.5,37,60,EURNZD_otc
21:00-22:00,SELL,71.6,LiquiditySweep,88,63/88 bearish,59.5,37,60,USDBDT_otc
08:00-09:00,BUY,70.1,LiquiditySweep,87,61/87 bullish,59.4,32,60,USDIDR_otc
19:45-20:00,SELL,66.7,Momentum,78,52/78 bearish,59.4,32,15,USDNGN_otc
13:15-13:30,BUY,65.4,Momentum,78,51/78 bullish,59.4,32,15,USDPHP_otc
13:10-13:15,BUY,67.1,DoubleTopBottom,85,57/85 bullish,59.3,27,5,BRLUSD_otc
02:00-02:15,BUY,69.0,Momentum,84,58/84 bullish,59.3,27,15,USDEGP_otc
13:05-13:10,SELL,65.5,Momentum,29,19/29 bearish,59.1,22,5,USDPHP_otc
04:00-05:00,SELL,65.0,LiquiditySweep,80,52/80 bearish,58.8,34,60,USDIDR_otc
15:45-16:00,BUY,65.3,Momentum,75,49/75 bullish,58.8,34,15,EURCAD_otc
19:00-19:15,BUY,67.2,Momentum,67,45/67 bullish,58.8,34,15,USDPHP_otc
16:30-17:00,SELL,70.6,LiquiditySweep,34,24/34 bearish,58.8,17,30,USDCOP_otc
08:00-09:00,BUY,73.5,WickRejection,34,25/34 bullish,58.8,17,60,USDMXN_otc
22:30-23:00,SELL,69.7,LiquiditySweep,33,23/33 bearish,58.8,17,30,USDZAR_otc
22:30-22:35,BUY,73.3,Momentum,30,22/30 bullish,58.8,17,5,USDZAR_otc
05:30-05:35,SELL,78.6,Momentum,28,22/28 bearish,58.8,17,5,EURNZD_otc
16:00-16:05,SELL,66.7,Heavy,27,18/27 bearish,58.8,17,5,EURGBP_otc
06:50-06:55,SELL,81.5,Momentum,27,22/27 bearish,58.8,17,5,EURUSD_otc
02:55-03:00,SELL,84.0,Momentum,25,21/25 bearish,58.8,17,5,EURUSD_otc
15:00-15:05,SELL,66.7,Momentum,24,16/24 bearish,58.8,17,5,USDIDR_otc
00:00-01:00,SELL,79.2,ColorBurst,24,19/24 bearish,58.8,17,60,USDIDR_otc
04:30-04:35,BUY,70.8,Momentum,24,17/24 bullish,58.8,17,5,USDNGN_otc
04:35-04:40,BUY,69.6,Heavy,23,16/23 bullish,58.8,17,5,BRLUSD_otc
21:50-21:55,BUY,70.0,Heavy,20,14/20 bullish,58.8,17,5,EURNZD_otc
13:00-13:05,SELL,70.0,Momentum,20,14/20 bearish,58.8,17,5,USDNGN_otc
17:05-17:10,SELL,68.4,Momentum,19,13/19 bearish,58.8,17,5,USDDZD_otc
15:00-15:15,BUY,72.2,LiquiditySweep,18,13/18 bullish,58.8,17,15,EURGBP_otc
16:45-17:00,SELL,65.9,Momentum,82,54/82 bearish,58.3,24,15,USDIDR_otc
18:30-18:45,SELL,75.8,Momentum,62,47/62 bearish,58.3,36,15,USDINR_otc
13:00-13:30,SELL,67.5,LiquiditySweep,40,27/40 bearish,58.3,12,30,USDINR_otc
19:50-19:55,BUY,76.9,Momentum,39,30/39 bullish,58.3,12,5,EURNZD_otc
14:05-14:10,BUY,77.4,Momentum,31,24/31 bullish,58.3,12,5,USDBDT_otc
16:05-16:10,BUY,71.0,Momentum,31,22/31 bullish,58.3,12,5,USDIDR_otc
03:25-03:30,SELL,70.0,Momentum,30,21/30 bearish,58.3,12,5,EURCAD_otc
12:25-12:30,SELL,76.7,Momentum,30,23/30 bearish,58.3,12,5,EURNZD_otc
14:15-14:20,SELL,72.4,Momentum,29,21/29 bearish,58.3,12,5,BRLUSD_otc
22:40-22:45,BUY,72.4,Heavy,29,21/29 bullish,58.3,12,5,USDMXN_otc
18:50-18:55,SELL,66.7,Heavy,27,18/27 bearish,58.3,12,5,USDDZD_otc
23:35-23:40,BUY,66.7,Reversal,27,18/27 bullish,58.3,12,5,USDDZD_otc
21:10-21:15,SELL,66.7,Momentum,27,18/27 bearish,58.3,12,5,USDINR_otc
01:20-01:25,SELL,66.7,Heavy,27,18/27 bearish,58.3,12,5,USDNGN_otc
23:10-23:15,SELL,65.4,Reversal,26,17/26 bearish,58.3,12,5,EURGBP_otc
05:30-05:35,BUY,76.9,Momentum,26,20/26 bullish,58.3,12,5,USDARS_otc
09:50-09:55,BUY,65.4,Heavy,26,17/26 bullish,58.3,12,5,USDBDT_otc
22:05-22:10,BUY,73.1,Momentum,26,19/26 bullish,58.3,12,5,USDDZD_otc
05:10-05:15,SELL,65.4,Reversal,26,17/26 bearish,58.3,12,5,USDINR_otc
11:30-11:45,SELL,65.4,LiquiditySweep,26,17/26 bearish,58.3,12,15,USDINR_otc
21:45-21:50,BUY,65.4,Momentum,26,17/26 bullish,58.3,12,5,USDPKR_otc
07:10-07:15,BUY,65.4,Heavy,26,17/26 bullish,58.3,12,5,USDZAR_otc
19:35-19:40,BUY,76.0,Reversal,25,19/25 bullish,58.3,12,5,BRLUSD_otc
22:10-22:15,SELL,68.0,Reversal,25,17/25 bearish,58.3,12,5,USDBDT_otc
05:25-05:30,BUY,68.0,Momentum,25,17/25 bullish,58.3,12,5,USDCOP_otc
20:15-20:20,SELL,68.0,Reversal,25,17/25 bearish,58.3,12,5,USDPKR_otc
19:20-19:25,BUY,66.7,Reversal,24,16/24 bullish,58.3,12,5,BRLUSD_otc
20:00-20:05,SELL,70.8,Momentum,24,17/24 bearish,58.3,12,5,BRLUSD_otc
13:50-13:55,SELL,66.7,Momentum,24,16/24 bearish,58.3,12,5,BRLUSD_otc
09:15-09:20,SELL,66.7,Engulfing,24,16/24 bearish,58.3,12,5,BRLUSD_otc
01:15-01:20,BUY,66.7,Reversal,24,16/24 bullish,58.3,12,5,EURGBP_otc
18:15-18:20,BUY,75.0,Momentum,24,18/24 bullish,58.3,12,5,EURGBP_otc
09:35-09:40,BUY,70.8,Heavy,24,17/24 bullish,58.3,12,5,EURUSD_otc
23:05-23:10,SELL,70.8,Heavy,24,17/24 bearish,58.3,12,5,EURUSD_otc
12:10-12:15,SELL,66.7,Reversal,24,16/24 bearish,58.3,12,5,USDCOP_otc
06:05-06:10,SELL,70.8,Heavy,24,17/24 bearish,58.3,12,5,USDIDR_otc
18:10-18:15,BUY,66.7,Reversal,24,16/24 bullish,58.3,12,5,USDINR_otc
22:50-22:55,BUY,66.7,Engulfing,24,16/24 bullish,58.3,12,5,USDINR_otc
00:25-00:30,SELL,65.2,Reversal,23,15/23 bearish,58.3,12,5,EURUSD_otc
22:25-22:30,SELL,69.6,Reversal,23,16/23 bearish,58.3,12,5,USDARS_otc
14:25-14:30,BUY,65.2,Heavy,23,15/23 bullish,58.3,12,5,USDDZD_otc
12:15-12:20,SELL,69.6,Momentum,23,16/23 bearish,58.3,12,5,USDDZD_otc
11:10-11:15,SELL,69.6,Engulfing,23,16/23 bearish,58.3,12,5,USDDZD_otc
05:55-06:00,SELL,65.2,Reversal,23,15/23 bearish,58.3,12,5,USDIDR_otc
03:10-03:15,SELL,65.2,Reversal,23,15/23 bearish,58.3,12,5,USDPKR_otc
09:00-09:30,BUY,65.2,InsideBarBreakout,23,15/23 bullish,58.3,12,30,USDPKR_otc
15:45-15:50,SELL,72.7,Heavy,22,16/22 bearish,58.3,12,5,EURGBP_otc
18:00-18:05,BUY,81.8,Engulfing,22,18/22 bullish,58.3,12,5,EURGBP_otc
00:25-00:30,BUY,77.3,Momentum,22,17/22 bullish,58.3,12,5,USDDZD_otc
06:15-06:20,SELL,72.7,Momentum,22,16/22 bearish,58.3,12,5,USDEGP_otc
23:35-23:40,SELL,72.7,Engulfing,22,16/22 bearish,58.3,12,5,USDPKR_otc
02:50-02:55,BUY,76.2,Heavy,21,16/21 bullish,58.3,12,5,EURNZD_otc
02:40-02:45,BUY,81.0,Engulfing,21,17/21 bullish,58.3,12,5,EURNZD_otc
10:30-10:35,BUY,71.4,Reversal,21,15/21 bullish,58.3,12,5,USDARS_otc
21:25-21:30,SELL,66.7,Engulfing,21,14/21 bearish,58.3,12,5,USDARS_otc
21:10-21:15,SELL,66.7,Engulfing,21,14/21 bearish,58.3,12,5,USDBDT_otc
00:45-00:50,SELL,71.4,Engulfing,21,15/21 bearish,58.3,12,5,USDDZD_otc
17:35-17:40,SELL,81.0,Heavy,21,17/21 bearish,58.3,12,5,USDPKR_otc
23:15-23:20,SELL,66.7,Heavy,21,14/21 bearish,58.3,12,5,USDPKR_otc
05:30-05:35,BUY,66.7,Engulfing,21,14/21 bullish,58.3,12,5,USDPKR_otc
22:30-22:35,SELL,65.0,Heavy,20,13/20 bearish,58.3,12,5,EURNZD_otc
23:00-23:15,SELL,65.0,LiquiditySweep,20,13/20 bearish,58.3,12,15,USDCOP_otc
15:30-15:35,BUY,70.0,Momentum,20,14/20 bullish,58.3,12,5,USDEGP_otc
17:10-17:15,SELL,70.0,Engulfing,20,14/20 bearish,58.3,12,5,USDEGP_otc
06:45-07:00,SELL,70.0,LiquiditySweep,20,14/20 bearish,58.3,12,15,USDIDR_otc
04:20-04:25,BUY,65.0,Heavy,20,13/20 bullish,58.3,12,5,USDNGN_otc
16:30-17:00,BUY,73.7,ColorBurst,19,14/19 bullish,58.3,12,30,USDARS_otc
23:30-23:35,SELL,68.4,Momentum,19,13/19 bearish,58.3,12,5,USDCOP_otc
15:00-15:30,BUY,73.7,ColorBurst,19,14/19 bullish,58.3,12,30,USDPKR_otc
04:00-04:30,BUY,72.2,ColorBurst,18,13/18 bullish,58.3,12,30,USDEGP_otc
20:10-20:15,BUY,66.7,Momentum,18,12/18 bullish,58.3,12,5,USDIDR_otc
21:10-21:15,SELL,66.7,Engulfing,18,12/18 bearish,58.3,12,5,USDIDR_otc
23:50-23:55,BUY,72.2,Heavy,18,13/18 bullish,58.3,12,5,USDPHP_otc
20:00-20:15,BUY,76.5,LiquiditySweep,17,13/17 bullish,58.3,12,15,BRLUSD_otc
04:30-04:45,SELL,76.5,LiquiditySweep,17,13/17 bearish,58.3,12,15,USDINR_otc
20:25-20:30,BUY,70.6,Momentum,17,12/17 bullish,58.3,12,5,USDZAR_otc
08:05-08:10,SELL,80.0,Heavy,15,12/15 bearish,58.3,12,5,EURCAD_otc
13:00-13:05,SELL,73.3,Engulfing,15,11/15 bearish,58.3,12,5,EURNZD_otc
02:30-03:00,SELL,68.3,LiquiditySweep,41,28/41 bearish,58.1,31,30,EURUSD_otc
23:00-23:30,SELL,68.0,Momentum,153,104/153 bearish,57.9,57,30,USDZAR_otc
06:30-07:00,BUY,67.5,LiquiditySweep,40,27/40 bullish,57.9,19,30,USDDZD_otc
04:50-04:55,BUY,66.7,Momentum,30,20/30 bullish,57.9,19,5,USDNGN_otc
15:00-16:00,SELL,71.6,LiquiditySweep,88,63/88 bearish,57.7,26,60,EURNZD_otc
13:00-14:00,BUY,67.4,ColorBurst,43,29/43 bullish,57.7,26,60,USDIDR_otc
02:15-02:30,BUY,66.7,Engulfing,42,28/42 bullish,57.7,26,15,EURCAD_otc
13:00-14:00,BUY,66.1,InsideBarBreakout,59,39/59 bullish,57.6,33,60,USDIDR_otc
10:30-11:00,SELL,66.0,Momentum,159,105/159 bearish,57.1,77,30,USDNGN_otc
00:00-00:15,BUY,65.9,Momentum,82,54/82 bullish,57.1,42,15,USDIDR_otc
13:45-14:00,SELL,69.2,Momentum,78,54/78 bearish,57.1,35,15,USDEGP_otc
16:00-16:15,SELL,70.6,Momentum,68,48/68 bearish,57.1,28,15,BRLUSD_otc
17:30-17:45,SELL,69.1,Heavy,68,47/68 bearish,57.1,35,15,USDPKR_otc
07:30-08:00,BUY,66.0,LiquiditySweep,53,35/53 bullish,57.1,14,30,USDPKR_otc
17:30-18:00,BUY,68.9,LiquiditySweep,45,31/45 bullish,57.1,21,30,USDPHP_otc
23:00-23:30,SELL,70.5,LiquiditySweep,44,31/44 bearish,57.1,21,30,USDCOP_otc
04:00-04:30,SELL,65.1,LiquiditySweep,43,28/43 bearish,57.1,14,30,USDARS_otc
11:00-12:00,BUY,72.1,ColorBurst,43,31/43 bullish,57.1,14,60,USDDZD_otc
06:30-07:00,BUY,71.8,LiquiditySweep,39,28/39 bullish,57.1,14,30,USDMXN_otc
12:30-13:00,SELL,66.7,LiquiditySweep,39,26/39 bearish,57.1,14,30,USDNGN_otc
19:30-19:35,SELL,65.8,Momentum,38,25/38 bearish,57.1,7,5,EURGBP_otc
15:00-15:30,BUY,69.4,InsideBarBreakout,36,25/36 bullish,57.1,7,30,EURUSD_otc
12:50-12:55,BUY,66.7,Heavy,36,24/36 bullish,57.1,7,5,USDMXN_otc
14:40-14:45,SELL,77.1,Momentum,35,27/35 bearish,57.1,7,5,USDBDT_otc
14:00-14:30,BUY,67.6,LiquiditySweep,34,23/34 bullish,57.1,21,30,USDMXN_otc
09:55-10:00,BUY,67.6,Momentum,34,23/34 bullish,57.1,7,5,USDZAR_otc
23:10-23:15,SELL,66.7,Heavy,33,22/33 bearish,57.1,7,5,EURUSD_otc
07:35-07:40,SELL,72.7,Momentum,33,24/33 bearish,57.1,7,5,USDBDT_otc
17:35-17:40,SELL,69.7,Momentum,33,23/33 bearish,57.1,7,5,USDZAR_otc
10:00-10:30,SELL,71.9,LiquiditySweep,32,23/32 bearish,57.1,14,30,BRLUSD_otc
20:15-20:20,BUY,65.6,Momentum,32,21/32 bullish,57.1,14,5,USDDZD_otc
10:50-10:55,SELL,71.0,Heavy,31,22/31 bearish,57.1,7,5,USDDZD_otc
01:00-02:00,BUY,67.7,WickRejection,31,21/31 bullish,57.1,7,60,USDINR_otc
04:35-04:40,SELL,67.7,Momentum,31,21/31 bearish,57.1,7,5,USDPKR_otc
00:00-01:00,SELL,70.0,ColorBurst,30,21/30 bearish,57.1,7,60,EURNZD_otc
04:35-04:40,BUY,70.0,Momentum,30,21/30 bullish,57.1,7,5,USDDZD_otc
06:25-06:30,BUY,69.0,Momentum,29,20/29 bullish,57.1,7,5,USDARS_otc
12:55-13:00,BUY,65.5,Reversal,29,19/29 bullish,57.1,14,5,USDEGP_otc
02:50-02:55,SELL,69.0,Momentum,29,20/29 bearish,57.1,14,5,USDIDR_otc
03:05-03:10,BUY,69.0,Heavy,29,20/29 bullish,57.1,7,5,USDMXN_otc
02:20-02:25,BUY,65.5,Engulfing,29,19/29 bullish,57.1,7,5,USDMXN_otc
15:20-15:25,BUY,69.0,Momentum,29,20/29 bullish,57.1,14,5,USDNGN_otc
17:30-17:35,BUY,67.9,Heavy,28,19/28 bullish,57.1,7,5,EURNZD_otc
02:45-02:50,SELL,67.9,Momentum,28,19/28 bearish,57.1,14,5,USDINR_otc
15:15-15:20,SELL,67.9,Momentum,28,19/28 bearish,57.1,7,5,USDINR_otc
20:55-21:00,SELL,71.4,Reversal,28,20/28 bearish,57.1,7,5,USDZAR_otc
23:25-23:30,SELL,78.6,Momentum,28,22/28 bearish,57.1,7,5,USDZAR_otc
11:05-11:10,SELL,71.4,Engulfing,28,20/28 bearish,57.1,7,5,USDZAR_otc
18:15-18:20,BUY,74.1,Momentum,27,20/27 bullish,57.1,7,5,EURNZD_otc
03:35-03:40,SELL,66.7,Momentum,27,18/27 bearish,57.1,14,5,USDARS_otc
06:20-06:25,SELL,66.7,Heavy,27,18/27 bearish,57.1,7,5,USDBDT_otc
19:05-19:10,SELL,74.1,Momentum,27,20/27 bearish,57.1,14,5,USDBDT_otc
10:45-11:00,BUY,70.4,LiquiditySweep,27,19/27 bullish,57.1,14,15,USDCOP_otc
23:05-23:10,BUY,66.7,Engulfing,27,18/27 bullish,57.1,7,5,USDEGP_otc
11:40-11:45,BUY,66.7,Momentum,27,18/27 bullish,57.1,7,5,USDPHP_otc
09:35-09:40,SELL,70.4,Heavy,27,19/27 bearish,57.1,14,5,USDZAR_otc
20:20-20:25,BUY,65.4,Heavy,26,17/26 bullish,57.1,14,5,EURCAD_otc
12:00-12:05,BUY,80.8,Momentum,26,21/26 bullish,57.1,14,5,EURGBP_otc
20:35-20:40,BUY,73.1,Momentum,26,19/26 bullish,57.1,14,5,USDDZD_otc
11:15-11:30,BUY,68.0,InsideBarBreakout,25,17/25 bullish,57.1,7,15,EURCAD_otc
13:25-13:30,SELL,72.0,Momentum,25,18/25 bearish,57.1,14,5,USDARS_otc
19:45-19:50,BUY,68.0,Engulfing,25,17/25 bullish,57.1,7,5,USDARS_otc
04:30-04:45,BUY,72.0,LiquiditySweep,25,18/25 bullish,57.1,14,15,USDDZD_otc
08:25-08:30,SELL,72.0,Heavy,25,18/25 bearish,57.1,7,5,USDEGP_otc
16:05-16:10,SELL,68.0,Heavy,25,17/25 bearish,57.1,7,5,USDNGN_otc
08:10-08:15,BUY,70.8,Heavy,24,17/24 bullish,57.1,7,5,EURCAD_otc
08:30-08:35,SELL,75.0,Heavy,24,18/24 bearish,57.1,7,5,EURCAD_otc
15:00-15:05,SELL,70.8,Engulfing,24,17/24 bearish,57.1,7,5,EURGBP_otc
02:00-02:05,BUY,66.7,Reversal,24,16/24 bullish,57.1,7,5,USDARS_otc
03:45-03:50,BUY,70.8,Momentum,24,17/24 bullish,57.1,14,5,USDCOP_otc
13:35-13:40,BUY,70.8,Heavy,24,17/24 bullish,57.1,7,5,USDEGP_otc
11:45-12:00,SELL,70.8,LiquiditySweep,24,17/24 bearish,57.1,7,15,USDZAR_otc
08:00-08:05,SELL,69.6,Heavy,23,16/23 bearish,57.1,7,5,EURCAD_otc
05:55-06:00,BUY,65.2,Heavy,23,15/23 bullish,57.1,14,5,EURNZD_otc
21:00-21:05,SELL,73.9,Engulfing,23,17/23 bearish,57.1,7,5,EURUSD_otc
17:35-17:40,BUY,65.2,Heavy,23,15/23 bullish,57.1,7,5,USDARS_otc
01:00-01:05,BUY,69.6,Reversal,23,16/23 bullish,57.1,14,5,USDBDT_otc
00:40-00:45,BUY,65.2,Momentum,23,15/23 bullish,57.1,7,5,USDCOP_otc
23:55-00:00,BUY,65.2,Reversal,23,15/23 bullish,57.1,7,5,USDEGP_otc
15:40-15:45,BUY,73.9,Heavy,23,17/23 bullish,57.1,7,5,USDIDR_otc
04:15-04:20,BUY,65.2,Engulfing,23,15/23 bullish,57.1,7,5,USDMXN_otc
17:30-17:35,BUY,65.2,Engulfing,23,15/23 bullish,57.1,7,5,USDMXN_otc
08:10-08:15,SELL,65.2,Heavy,23,15/23 bearish,57.1,7,5,USDNGN_otc
04:50-04:55,SELL,65.2,Reversal,23,15/23 bearish,57.1,7,5,USDPHP_otc
02:55-03:00,BUY,68.2,Engulfing,22,15/22 bullish,57.1,7,5,EURUSD_otc
04:00-04:05,BUY,68.2,Momentum,22,15/22 bullish,57.1,14,5,USDMXN_otc
08:50-08:55,SELL,68.2,Engulfing,22,15/22 bearish,57.1,7,5,USDPHP_otc
20:40-20:45,BUY,68.2,Momentum,22,15/22 bullish,57.1,7,5,USDPKR_otc
14:05-14:10,SELL,76.2,Momentum,21,16/21 bearish,57.1,7,5,EURCAD_otc
07:30-07:45,BUY,66.7,LiquiditySweep,21,14/21 bullish,57.1,7,15,EURCAD_otc
15:10-15:15,SELL,90.5,Momentum,21,19/21 bearish,57.1,7,5,EURGBP_otc
22:35-22:40,SELL,66.7,Momentum,21,14/21 bearish,57.1,7,5,USDEGP_otc
04:50-04:55,SELL,66.7,Momentum,21,14/21 bearish,57.1,7,5,USDIDR_otc
14:55-15:00,BUY,66.7,Engulfing,21,14/21 bullish,57.1,7,5,USDIDR_otc
19:55-20:00,BUY,71.4,Engulfing,21,15/21 bullish,57.1,7,5,USDIDR_otc
07:30-08:00,BUY,71.4,WickRejection,21,15/21 bullish,57.1,7,30,USDIDR_otc
11:30-11:45,SELL,66.7,InsideBarBreakout,21,14/21 bearish,57.1,7,15,USDNGN_otc
11:45-11:50,BUY,66.7,Heavy,21,14/21 bullish,57.1,7,5,USDPHP_otc
14:35-14:40,BUY,71.4,Momentum,21,15/21 bullish,57.1,7,5,USDPHP_otc
12:00-12:05,BUY,66.7,Engulfing,21,14/21 bullish,57.1,7,5,USDPHP_otc
03:00-03:15,BUY,76.2,LiquiditySweep,21,16/21 bullish,57.1,7,15,USDPHP_otc
03:15-03:30,BUY,65.0,InsideBarBreakout,20,13/20 bullish,57.1,7,15,BRLUSD_otc
16:35-16:40,BUY,65.0,Heavy,20,13/20 bullish,57.1,14,5,EURCAD_otc
02:35-02:40,BUY,70.0,Heavy,20,14/20 bullish,57.1,7,5,EURGBP_otc
11:30-11:45,SELL,65.0,InsideBarBreakout,20,13/20 bearish,57.1,7,15,EURNZD_otc
12:55-13:00,SELL,65.0,Engulfing,20,13/20 bearish,57.1,7,5,EURUSD_otc
02:10-02:15,BUY,65.0,Heavy,20,13/20 bullish,57.1,7,5,USDARS_otc
17:10-17:15,BUY,65.0,Engulfing,20,13/20 bullish,57.1,7,5,USDARS_otc
10:00-10:15,BUY,65.0,LiquiditySweep,20,13/20 bullish,57.1,7,15,USDBDT_otc
00:45-01:00,SELL,70.0,LiquiditySweep,20,14/20 bearish,57.1,7,15,USDCOP_otc
19:25-19:30,BUY,65.0,Heavy,20,13/20 bullish,57.1,7,5,USDDZD_otc
04:10-04:15,SELL,70.0,Momentum,20,14/20 bearish,57.1,7,5,USDEGP_otc
09:20-09:25,BUY,75.0,Engulfing,20,15/20 bullish,57.1,7,5,USDEGP_otc
18:25-18:30,BUY,70.0,Heavy,20,14/20 bullish,57.1,7,5,USDIDR_otc
17:25-17:30,BUY,80.0,Momentum,20,16/20 bullish,57.1,14,5,USDIDR_otc
21:30-21:35,SELL,65.0,Momentum,20,13/20 bearish,57.1,7,5,USDIDR_otc
13:40-13:45,SELL,65.0,Engulfing,20,13/20 bearish,57.1,14,5,USDMXN_otc
02:50-02:55,SELL,65.0,Heavy,20,13/20 bearish,57.1,7,5,USDNGN_otc
08:20-08:25,SELL,65.0,Engulfing,20,13/20 bearish,57.1,7,5,USDNGN_otc
19:35-19:40,BUY,65.0,Engulfing,20,13/20 bullish,57.1,7,5,USDPHP_otc
00:30-01:00,SELL,68.4,ColorBurst,19,13/19 bearish,57.1,7,30,EURCAD_otc
08:40-08:45,SELL,73.7,Heavy,19,14/19 bearish,57.1,7,5,EURGBP_otc
20:00-20:15,BUY,73.7,InsideBarBreakout,19,14/19 bullish,57.1,7,15,USDARS_otc
11:00-12:00,SELL,73.7,WickRejection,19,14/19 bearish,57.1,14,60,USDARS_otc
20:30-20:45,SELL,73.7,LiquiditySweep,19,14/19 bearish,57.1,7,15,USDCOP_otc
14:45-15:00,SELL,68.4,LiquiditySweep,19,13/19 bearish,57.1,7,15,USDDZD_otc
05:00-05:30,SELL,73.7,ColorBurst,19,14/19 bearish,57.1,7,30,USDIDR_otc
07:20-07:25,SELL,73.7,Momentum,19,14/19 bearish,57.1,14,5,USDMXN_otc
10:55-11:00,BUY,68.4,Engulfing,19,13/19 bullish,57.1,14,5,USDNGN_otc
01:30-01:45,SELL,66.7,InsideBarBreakout,18,12/18 bearish,57.1,7,15,EURCAD_otc
17:45-17:50,BUY,66.7,Engulfing,18,12/18 bullish,57.1,7,5,EURNZD_otc
02:45-03:00,SELL,77.8,LiquiditySweep,18,14/18 bearish,57.1,7,15,EURNZD_otc
10:45-10:50,SELL,72.2,Heavy,18,13/18 bearish,57.1,7,5,USDARS_otc
09:50-09:55,BUY,66.7,Engulfing,18,12/18 bullish,57.1,7,5,USDARS_otc
16:30-16:35,SELL,66.7,Heavy,18,12/18 bearish,57.1,7,5,USDBDT_otc
20:30-21:00,BUY,72.2,ColorBurst,18,13/18 bullish,57.1,7,30,USDDZD_otc
16:35-16:40,SELL,66.7,Momentum,18,12/18 bearish,57.1,7,5,USDINR_otc
02:00-02:15,BUY,77.8,LiquiditySweep,18,14/18 bullish,57.1,7,15,USDPKR_otc
22:15-22:30,SELL,70.6,InsideBarBreakout,17,12/17 bearish,57.1,7,15,USDARS_otc
04:45-04:50,BUY,76.5,Engulfing,17,13/17 bullish,57.1,7,5,USDIDR_otc
21:15-21:30,SELL,70.6,InsideBarBreakout,17,12/17 bearish,57.1,7,15,USDIDR_otc
23:40-23:45,SELL,76.5,Heavy,17,13/17 bearish,57.1,7,5,USDINR_otc
20:35-20:40,SELL,70.6,Engulfing,17,12/17 bearish,57.1,7,5,USDPKR_otc
11:15-11:20,SELL,68.8,Engulfing,16,11/16 bearish,57.1,7,5,EURCAD_otc
06:15-06:20,SELL,81.2,Momentum,16,13/16 bearish,57.1,14,5,EURUSD_otc
13:45-13:50,BUY,81.2,Engulfing,16,13/16 bullish,57.1,7,5,EURUSD_otc
09:55-10:00,SELL,68.8,Engulfing,16,11/16 bearish,57.1,14,5,USDARS_otc
13:55-14:00,BUY,68.8,Engulfing,16,11/16 bullish,57.1,7,5,USDBDT_otc
12:35-12:40,SELL,75.0,Heavy,16,12/16 bearish,57.1,7,5,USDIDR_otc
12:30-13:00,SELL,75.0,WickRejection,16,12/16 bearish,57.1,7,30,USDIDR_otc
05:05-05:10,SELL,66.7,Engulfing,15,10/15 bearish,57.1,7,5,BRLUSD_otc
04:15-04:20,BUY,73.3,Engulfing,15,11/15 bullish,57.1,7,5,USDARS_otc
05:15-05:30,BUY,66.7,InsideBarBreakout,15,10/15 bullish,57.1,7,15,USDCOP_otc
09:55-10:00,BUY,66.7,Engulfing,15,10/15 bullish,57.1,7,5,USDDZD_otc
04:00-04:05,BUY,80.0,Engulfing,15,12/15 bullish,57.1,7,5,USDIDR_otc
09:15-09:30,SELL,80.0,LiquiditySweep,15,12/15 bearish,57.1,7,15,USDIDR_otc
18:50-18:55,BUY,73.3,Engulfing,15,11/15 bullish,57.1,7,5,USDMXN_otc
21:30-21:35,BUY,80.0,Engulfing,15,12/15 bullish,57.1,7,5,USDPKR_otc
14:15-14:30,SELL,80.0,InsideBarBreakout,15,12/15 bearish,57.1,7,15,USDPKR_otc
02:00-03:00,SELL,69.4,LiquiditySweep,72,50/72 bearish,56.9,58,60,EURUSD_otc
19:45-20:00,BUY,68.5,Momentum,89,61/89 bullish,56.5,23,15,USDDZD_otc
20:00-21:00,BUY,65.0,InsideBarBreakout,60,39/60 bullish,56.5,23,60,USDEGP_otc
17:00-18:00,BUY,66.7,WickRejection,33,22/33 bullish,56.5,23,60,USDNGN_otc
06:45-07:00,SELL,73.1,Momentum,67,49/67 bearish,56.4,39,15,EURUSD_otc
19:15-19:30,SELL,65.0,Momentum,80,52/80 bearish,56.2,32,15,USDEGP_otc
10:00-10:15,BUY,67.1,Reversal,73,49/73 bullish,56.2,32,15,BRLUSD_otc
13:00-14:00,BUY,65.7,LiquiditySweep,67,44/67 bullish,56.2,32,60,USDZAR_otc
02:00-02:30,SELL,71.4,LiquiditySweep,42,30/42 bearish,56.2,16,30,USDDZD_otc
04:00-04:30,SELL,72.5,LiquiditySweep,40,29/40 bearish,56.2,16,30,USDIDR_otc
14:00-14:30,BUY,66.7,LiquiditySweep,39,26/39 bullish,56.2,16,30,USDPKR_otc
22:00-22:30,SELL,71.9,InsideBarBreakout,32,23/32 bearish,56.2,16,30,USDARS_otc
10:45-10:50,SELL,96.9,Momentum,32,31/32 bearish,56.2,16,5,USDNGN_otc
20:55-21:00,SELL,76.7,Momentum,30,23/30 bearish,56.2,16,5,USDZAR_otc
01:15-01:20,BUY,74.1,Momentum,27,20/27 bullish,56.2,16,5,USDBDT_otc
21:05-21:10,SELL,66.7,Heavy,27,18/27 bearish,56.2,16,5,USDMXN_otc
08:45-08:50,BUY,76.9,Momentum,26,20/26 bullish,56.2,16,5,USDZAR_otc
23:00-23:05,SELL,68.0,Reversal,25,17/25 bearish,56.2,16,5,USDARS_otc
09:10-09:15,SELL,84.0,Momentum,25,21/25 bearish,56.2,16,5,USDCOP_otc
21:40-21:45,BUY,70.8,Momentum,24,17/24 bullish,56.2,16,5,EURCAD_otc
11:50-11:55,BUY,70.8,Heavy,24,17/24 bullish,56.2,16,5,EURGBP_otc
16:00-16:05,SELL,66.7,Momentum,24,16/24 bearish,56.2,16,5,USDPHP_otc
23:30-23:35,BUY,81.8,Momentum,22,18/22 bullish,56.2,16,5,EURCAD_otc
16:35-16:40,BUY,73.7,Momentum,19,14/19 bullish,56.2,16,5,USDNGN_otc
00:30-00:45,SELL,65.9,Momentum,82,54/82 bearish,56.0,25,15,USDIDR_otc
22:00-23:00,BUY,65.2,InsideBarBreakout,69,45/69 bullish,56.0,25,60,USDBDT_otc
23:00-00:00,BUY,74.1,ColorBurst,27,20/27 bullish,56.0,25,60,USDMXN_otc
19:55-20:00,BUY,65.4,DoubleTopBottom,104,68/104 bullish,55.6,45,5,USDDZD_otc
06:00-07:00,BUY,65.9,LiquiditySweep,82,54/82 bullish,55.6,36,60,USDPHP_otc
11:45-12:00,SELL,66.2,Momentum,80,53/80 bearish,55.6,36,15,USDARS_otc
05:30-05:45,SELL,66.7,Momentum,78,52/78 bearish,55.6,36,15,EURNZD_otc
03:15-03:30,BUY,65.1,Heavy,63,41/63 bullish,55.6,27,15,USDINR_otc
19:00-20:00,BUY,78.4,ColorBurst,37,29/37 bullish,55.6,9,60,USDPHP_otc
08:00-08:05,SELL,69.7,Momentum,33,23/33 bearish,55.6,9,5,EURNZD_otc
21:00-22:00,BUY,66.7,WickRejection,33,22/33 bullish,55.6,9,60,EURUSD_otc
14:40-14:45,BUY,68.8,Momentum,32,22/32 bullish,55.6,9,5,EURUSD_otc
20:05-20:10,SELL,75.0,Momentum,32,24/32 bearish,55.6,18,5,EURUSD_otc
02:00-02:30,SELL,71.0,LiquiditySweep,31,22/31 bearish,55.6,27,30,EURUSD_otc
23:00-23:30,SELL,71.0,InsideBarBreakout,31,22/31 bearish,55.6,18,30,EURUSD_otc
01:00-02:00,BUY,67.7,ColorBurst,31,21/31 bullish,55.6,18,60,USDEGP_otc
04:30-04:35,SELL,76.7,Heavy,30,23/30 bearish,55.6,9,5,EURGBP_otc
13:40-13:45,BUY,86.7,Momentum,30,26/30 bullish,55.6,18,5,EURUSD_otc
22:30-22:35,SELL,70.0,Heavy,30,21/30 bearish,55.6,9,5,USDIDR_otc
02:10-02:15,BUY,69.0,Heavy,29,20/29 bullish,55.6,9,5,EURCAD_otc
00:05-00:10,BUY,65.5,Momentum,29,19/29 bullish,55.6,9,5,USDDZD_otc
13:50-13:55,SELL,69.0,Momentum,29,20/29 bearish,55.6,9,5,USDEGP_otc
02:35-02:40,SELL,75.9,Momentum,29,22/29 bearish,55.6,9,5,USDEGP_otc
22:25-22:30,SELL,65.5,Reversal,29,19/29 bearish,55.6,9,5,USDINR_otc
03:00-03:05,BUY,65.5,Engulfing,29,19/29 bullish,55.6,9,5,USDINR_otc
06:00-06:30,BUY,67.9,InsideBarBreakout,28,19/28 bullish,55.6,9,30,EURCAD_otc
01:15-01:20,BUY,75.0,Heavy,28,21/28 bullish,55.6,9,5,EURGBP_otc
22:25-22:30,SELL,67.9,Heavy,28,19/28 bearish,55.6,9,5,EURNZD_otc
15:15-15:30,BUY,67.9,LiquiditySweep,28,19/28 bullish,55.6,9,15,USDIDR_otc
09:25-09:30,SELL,67.9,Reversal,28,19/28 bearish,55.6,9,5,USDZAR_otc
05:05-05:10,SELL,66.7,Heavy,27,18/27 bearish,55.6,9,5,EURGBP_otc
06:20-06:25,SELL,70.4,Momentum,27,19/27 bearish,55.6,18,5,USDARS_otc
20:20-20:25,BUY,66.7,Heavy,27,18/27 bullish,55.6,9,5,USDIDR_otc
19:30-19:35,SELL,70.4,Heavy,27,19/27 bearish,55.6,9,5,USDINR_otc
23:15-23:20,SELL,70.4,Momentum,27,19/27 bearish,55.6,9,5,USDZAR_otc
07:15-07:20,SELL,73.1,Momentum,26,19/26 bearish,55.6,9,5,BRLUSD_otc
08:05-08:10,SELL,73.1,Momentum,26,19/26 bearish,55.6,9,5,EURCAD_otc
17:45-18:00,SELL,73.1,LiquiditySweep,26,19/26 bearish,55.6,9,15,EURNZD_otc
06:25-06:30,BUY,65.4,Momentum,26,17/26 bullish,55.6,9,5,EURUSD_otc
12:00-12:30,BUY,76.9,ColorBurst,26,20/26 bullish,55.6,9,30,EURUSD_otc
06:45-06:50,BUY,65.4,Reversal,26,17/26 bullish,55.6,9,5,USDCOP_otc
10:30-10:35,BUY,65.4,Engulfing,26,17/26 bullish,55.6,9,5,USDCOP_otc
10:30-10:35,BUY,76.9,Momentum,26,20/26 bullish,55.6,9,5,USDEGP_otc
14:00-14:15,BUY,69.2,InsideBarBreakout,26,18/26 bullish,55.6,9,15,USDEGP_otc
22:20-22:25,BUY,69.2,Momentum,26,18/26 bullish,55.6,9,5,USDZAR_otc
15:00-15:15,SELL,76.0,LiquiditySweep,25,19/25 bearish,55.6,9,15,EURNZD_otc
07:45-08:00,BUY,72.0,LiquiditySweep,25,18/25 bullish,55.6,9,15,EURUSD_otc
10:50-10:55,SELL,76.0,Heavy,25,19/25 bearish,55.6,9,5,USDCOP_otc
07:25-07:30,BUY,68.0,Momentum,25,17/25 bullish,55.6,9,5,USDDZD_otc
08:10-08:15,BUY,68.0,Heavy,25,17/25 bullish,55.6,9,5,USDINR_otc
08:30-08:45,SELL,72.0,LiquiditySweep,25,18/25 bearish,55.6,9,15,USDNGN_otc
17:55-18:00,BUY,68.0,Momentum,25,17/25 bullish,55.6,9,5,USDPKR_otc
00:45-00:50,SELL,70.8,Momentum,24,17/24 bearish,55.6,9,5,BRLUSD_otc
01:50-01:55,SELL,66.7,Heavy,24,16/24 bearish,55.6,9,5,EURCAD_otc
18:15-18:30,BUY,70.8,LiquiditySweep,24,17/24 bullish,55.6,9,15,EURCAD_otc
02:20-02:25,BUY,66.7,Heavy,24,16/24 bullish,55.6,9,5,EURUSD_otc
10:05-10:10,BUY,66.7,Reversal,24,16/24 bullish,55.6,9,5,USDCOP_otc
23:15-23:30,SELL,75.0,LiquiditySweep,24,18/24 bearish,55.6,9,15,USDCOP_otc
08:20-08:25,BUY,66.7,Heavy,24,16/24 bullish,55.6,9,5,USDNGN_otc
09:45-09:50,BUY,70.8,Momentum,24,17/24 bullish,55.6,9,5,USDNGN_otc
02:40-02:45,BUY,66.7,Momentum,24,16/24 bullish,55.6,9,5,USDPKR_otc
08:00-08:15,SELL,66.7,LiquiditySweep,24,16/24 bearish,55.6,9,15,USDPKR_otc
03:25-03:30,SELL,69.6,Momentum,23,16/23 bearish,55.6,9,5,BRLUSD_otc
15:30-15:35,BUY,65.2,Momentum,23,15/23 bullish,55.6,9,5,BRLUSD_otc
15:15-15:20,SELL,73.9,Heavy,23,17/23 bearish,55.6,9,5,EURGBP_otc
15:45-16:00,SELL,65.2,LiquiditySweep,23,15/23 bearish,55.6,9,15,EURNZD_otc
13:05-13:10,SELL,65.2,Heavy,23,15/23 bearish,55.6,9,5,EURUSD_otc
16:30-16:35,SELL,78.3,Reversal,23,18/23 bearish,55.6,9,5,USDDZD_otc
15:30-15:35,BUY,65.2,Heavy,23,15/23 bullish,55.6,9,5,USDMXN_otc
05:10-05:15,SELL,69.6,Engulfing,23,16/23 bearish,55.6,9,5,USDPHP_otc
12:45-12:50,SELL,69.6,Momentum,23,16/23 bearish,55.6,9,5,USDZAR_otc
09:25-09:30,SELL,72.7,Heavy,22,16/22 bearish,55.6,9,5,EURCAD_otc
19:50-19:55,BUY,77.3,Momentum,22,17/22 bullish,55.6,9,5,USDARS_otc
18:45-18:50,SELL,68.2,Engulfing,22,15/22 bearish,55.6,9,5,USDBDT_otc
04:25-04:30,BUY,68.2,Heavy,22,15/22 bullish,55.6,9,5,USDCOP_otc
11:15-11:30,BUY,72.7,LiquiditySweep,22,16/22 bullish,55.6,9,15,USDCOP_otc
09:30-09:35,BUY,68.2,Engulfing,22,15/22 bullish,55.6,9,5,USDDZD_otc
05:30-06:00,BUY,72.7,InsideBarBreakout,22,16/22 bullish,55.6,18,30,USDDZD_otc
04:45-04:50,BUY,68.2,Reversal,22,15/22 bullish,55.6,9,5,USDEGP_otc
05:55-06:00,BUY,68.2,Engulfing,22,15/22 bullish,55.6,9,5,USDEGP_otc
11:40-11:45,BUY,68.2,Engulfing,22,15/22 bullish,55.6,9,5,USDEGP_otc
08:15-08:30,BUY,77.3,LiquiditySweep,22,17/22 bullish,55.6,9,15,USDIDR_otc
13:45-14:00,SELL,77.3,LiquiditySweep,22,17/22 bearish,55.6,9,15,USDIDR_otc
02:15-02:30,BUY,68.2,LiquiditySweep,22,15/22 bullish,55.6,9,15,USDNGN_otc
16:30-16:45,SELL,81.8,LiquiditySweep,22,18/22 bearish,55.6,9,15,USDNGN_otc
10:50-10:55,BUY,68.2,Heavy,22,15/22 bullish,55.6,9,5,USDPKR_otc
21:55-22:00,SELL,66.7,Engulfing,21,14/21 bearish,55.6,9,5,BRLUSD_otc
05:00-05:05,SELL,66.7,Momentum,21,14/21 bearish,55.6,9,5,EURUSD_otc
00:15-00:20,SELL,76.2,Heavy,21,16/21 bearish,55.6,9,5,USDBDT_otc
06:55-07:00,BUY,66.7,Engulfing,21,14/21 bullish,55.6,9,5,USDCOP_otc
05:35-05:40,SELL,71.4,Engulfing,21,15/21 bearish,55.6,9,5,USDDZD_otc
23:35-23:40,BUY,66.7,Engulfing,21,14/21 bullish,55.6,9,5,USDEGP_otc
18:00-18:30,SELL,71.4,ColorBurst,21,15/21 bearish,55.6,9,30,USDINR_otc
20:15-20:20,SELL,66.7,Engulfing,21,14/21 bearish,55.6,9,5,USDNGN_otc
00:25-00:30,SELL,71.4,Engulfing,21,15/21 bearish,55.6,9,5,USDPHP_otc
06:35-06:40,SELL,66.7,Heavy,21,14/21 bearish,55.6,9,5,USDPKR_otc
09:45-09:50,BUY,70.0,Heavy,20,14/20 bullish,55.6,9,5,BRLUSD_otc
21:25-21:30,SELL,75.0,Reversal,20,15/20 bearish,55.6,9,5,BRLUSD_otc
13:30-13:35,BUY,65.0,Engulfing,20,13/20 bullish,55.6,9,5,BRLUSD_otc
20:00-20:05,SELL,65.0,Heavy,20,13/20 bearish,55.6,9,5,EURCAD_otc
14:20-14:25,SELL,65.0,Heavy,20,13/20 bearish,55.6,9,5,EURNZD_otc
18:30-18:35,BUY,65.0,Engulfing,20,13/20 bullish,55.6,9,5,USDARS_otc
06:45-07:00,SELL,65.0,LiquiditySweep,20,13/20 bearish,55.6,9,15,USDBDT_otc
09:45-09:50,SELL,65.0,Momentum,20,13/20 bearish,55.6,18,5,USDCOP_otc
01:35-01:40,SELL,70.0,Engulfing,20,14/20 bearish,55.6,9,5,USDCOP_otc
08:30-09:00,SELL,65.0,ColorBurst,20,13/20 bearish,55.6,9,30,USDCOP_otc
16:35-16:40,SELL,70.0,Engulfing,20,14/20 bearish,55.6,9,5,USDEGP_otc
11:10-11:15,SELL,75.0,Heavy,20,15/20 bearish,55.6,9,5,USDIDR_otc
01:50-01:55,BUY,70.0,Engulfing,20,14/20 bullish,55.6,9,5,USDINR_otc
04:10-04:15,SELL,70.0,Reversal,20,14/20 bearish,55.6,9,5,USDMXN_otc
12:35-12:40,BUY,75.0,Momentum,20,15/20 bullish,55.6,9,5,USDNGN_otc
23:30-00:00,SELL,70.0,ColorBurst,20,14/20 bearish,55.6,9,30,USDPKR_otc
18:35-18:40,SELL,70.0,Engulfing,20,14/20 bearish,55.6,9,5,USDZAR_otc
09:20-09:25,SELL,68.4,Engulfing,19,13/19 bearish,55.6,9,5,BRLUSD_otc
13:15-13:30,SELL,78.9,LiquiditySweep,19,15/19 bearish,55.6,9,15,BRLUSD_otc
00:00-00:05,BUY,78.9,Engulfing,19,15/19 bullish,55.6,9,5,EURCAD_otc
08:00-08:15,SELL,84.2,LiquiditySweep,19,16/19 bearish,55.6,9,15,USDARS_otc
10:00-10:30,BUY,78.9,WickRejection,19,15/19 bullish,55.6,9,30,USDBDT_otc
16:00-16:15,BUY,68.4,InsideBarBreakout,19,13/19 bullish,55.6,9,15,USDCOP_otc
06:45-06:50,SELL,73.7,Heavy,19,14/19 bearish,55.6,9,5,USDDZD_otc
06:30-06:35,SELL,68.4,Engulfing,19,13/19 bearish,55.6,9,5,USDPHP_otc
23:50-23:55,BUY,77.8,Momentum,18,14/18 bullish,55.6,9,5,BRLUSD_otc
16:45-17:00,SELL,66.7,InsideBarBreakout,18,12/18 bearish,55.6,9,15,BRLUSD_otc
00:15-00:30,SELL,66.7,InsideBarBreakout,18,12/18 bearish,55.6,9,15,EURNZD_otc
04:00-04:15,BUY,66.7,InsideBarBreakout,18,12/18 bullish,55.6,9,15,USDBDT_otc
19:00-19:15,BUY,66.7,LiquiditySweep,18,12/18 bullish,55.6,9,15,USDDZD_otc
09:45-09:50,BUY,66.7,Engulfing,18,12/18 bullish,55.6,9,5,USDMXN_otc
16:00-16:15,SELL,66.7,InsideBarBreakout,18,12/18 bearish,55.6,9,15,USDMXN_otc
18:20-18:25,BUY,72.2,Heavy,18,13/18 bullish,55.6,9,5,USDPKR_otc
05:00-05:15,BUY,70.6,LiquiditySweep,17,12/17 bullish,55.6,9,15,EURGBP_otc
15:30-15:45,SELL,76.5,LiquiditySweep,17,13/17 bearish,55.6,9,15,EURGBP_otc
02:30-02:45,BUY,70.6,InsideBarBreakout,17,12/17 bullish,55.6,9,15,EURGBP_otc
17:00-18:00,BUY,94.1,RSIExtreme,17,16/17 bullish,55.6,9,60,EURGBP_otc
17:30-17:35,BUY,76.5,Engulfing,17,13/17 bullish,55.6,9,5,EURUSD_otc
14:40-14:45,BUY,70.6,Engulfing,17,12/17 bullish,55.6,9,5,USDARS_otc
21:15-21:30,SELL,82.4,InsideBarBreakout,17,14/17 bearish,55.6,9,15,USDARS_otc
19:35-19:40,BUY,76.5,Momentum,17,13/17 bullish,55.6,9,5,USDBDT_otc
12:30-13:00,BUY,70.6,WickRejection,17,12/17 bullish,55.6,9,30,USDBDT_otc
19:40-19:45,SELL,70.6,Engulfing,17,12/17 bearish,55.6,9,5,USDIDR_otc
17:55-18:00,BUY,76.5,Engulfing,17,13/17 bullish,55.6,9,5,USDIDR_otc
15:25-15:30,SELL,70.6,Engulfing,17,12/17 bearish,55.6,9,5,USDNGN_otc
21:15-21:20,BUY,70.6,Heavy,17,12/17 bullish,55.6,9,5,USDZAR_otc
16:45-16:50,SELL,68.8,Engulfing,16,11/16 bearish,55.6,9,5,BRLUSD_otc
17:30-18:00,SELL,81.2,WickRejection,16,13/16 bearish,55.6,9,30,BRLUSD_otc
02:00-02:30,BUY,68.8,ColorBurst,16,11/16 bullish,55.6,9,30,EURUSD_otc
02:15-02:30,BUY,75.0,InsideBarBreakout,16,12/16 bullish,55.6,9,15,USDBDT_otc
20:20-20:25,BUY,68.8,Engulfing,16,11/16 bullish,55.6,9,5,USDIDR_otc
00:05-00:10,SELL,87.5,Heavy,16,14/16 bearish,55.6,9,5,USDMXN_otc
22:00-22:15,SELL,68.8,InsideBarBreakout,16,11/16 bearish,55.6,9,15,USDMXN_otc
20:00-20:15,BUY,75.0,InsideBarBreakout,16,12/16 bullish,55.6,9,15,USDMXN_otc
12:15-12:30,SELL,68.8,LiquiditySweep,16,11/16 bearish,55.6,9,15,USDPKR_otc
12:15-12:30,SELL,73.3,InsideBarBreakout,15,11/15 bearish,55.6,9,15,BRLUSD_otc
09:00-10:00,SELL,80.0,RSIExtreme,15,12/15 bearish,55.6,9,60,BRLUSD_otc
02:45-03:00,SELL,66.7,InsideBarBreakout,15,10/15 bearish,55.6,9,15,EURGBP_otc
19:45-19:50,BUY,66.7,Momentum,15,10/15 bullish,55.6,9,5,EURUSD_otc
22:00-22:15,SELL,73.3,InsideBarBreakout,15,11/15 bearish,55.6,9,15,USDARS_otc
09:00-09:15,BUY,73.3,InsideBarBreakout,15,11/15 bullish,55.6,9,15,USDBDT_otc
23:00-23:30,SELL,66.7,WickRejection,15,10/15 bearish,55.6,9,30,USDBDT_otc
18:25-18:30,BUY,66.7,Heavy,15,10/15 bullish,55.6,9,5,USDCOP_otc
11:05-11:10,BUY,66.7,Momentum,15,10/15 bullish,55.6,18,5,USDIDR_otc
05:35-05:40,SELL,66.7,Engulfing,15,10/15 bearish,55.6,9,5,USDMXN_otc
